-11,-56,85,-51,52,3
-10,22,-35,42,-78,2
-16,16,35,15,29,7
-8,26,-5,-261,600,-221
408,-37,256,262,1279,405
-737,181,-289,-583,-1053,-403
7,-278,-477,435,-638,-84
78,-103,729,-5,-916,142
325,121,776,-105,-1473,374
974,-50,1611,-42,-61,1415
654,-46,1344,19,1910,-1904
-1536,586,1313,-192,-489,-1904
-1207,439,1366,103,-170,-378
-613,-31,1476,59,388,684
-431,161,1214,36,843,1257
-863,806,1091,-743,644,-392
-384,748,1053,-1016,229,-317
833,-139,802,-932,241,9
941,-308,882,-1016,310,52
1073,-468,1107,-1016,286,-2
1141,-478,1257,-1016,239,30
912,-436,1369,-1016,108,-56
150,-399,1622,-1016,-20,-219
-102,-331,2014,-1016,-56,-325
-237,-210,2381,-1016,-79,-387
-296,-75,2501,-1016,-93,-417
-260,72,2501,-1016,-108,-406
-176,293,2501,-1016,448,547
-1313,760,2501,-1016,-159,-587
-380,974,2501,-1016,-203,-68
-442,1063,2501,-1016,-272,-190
-73,1192,2501,-931,-275,-17
-158,1391,2501,-773,-247,120
44,1548,2501,-839,-154,158
175,1569,2501,-800,-102,262
200,1565,2501,-698,37,338
184,1616,2501,-684,168,447
146,1638,2501,-677,264,482
150,1589,2501,-629,324,482
197,1567,2501,-549,354,484
225,1540,2501,-443,366,445
261,1498,2501,-339,352,403
305,1415,2501,-272,337,369
332,1363,2501,-193,321,347
319,1359,2501,-121,262,267
245,1395,2501,-28,236,262
133,1447,2501,92,217,214
25,1494,2501,198,190,183
-120,1608,2501,309,156,201
-220,1677,2501,414,153,215
-315,1740,2501,532,141,241
-335,1841,2465,630,170,273
-345,2009,2249,738,237,262
-307,2171,2075,827,305,285
-269,2302,1941,905,344,332
-223,2436,1844,1005,359,361
-240,2501,1777,1102,340,381
-404,2501,1761,1207,335,428
-887,2501,1728,1403,492,903
-1269,2501,1956,1366,310,317
-1233,2501,2059,1349,319,215
-1343,2501,1891,1458,232,34
-1396,2501,1810,1466,186,19
-1415,2501,1757,1489,143,-109
-1306,2318,1656,1481,129,-153
-1296,2111,1513,1486,173,-275
-1324,1837,1354,1469,206,-333
-1231,1476,1206,1465,245,-342
-1118,1103,1047,1433,273,-400
-1014,760,825,1465,271,-325
-62,-79,0,-80,76,-27
-33,-46,-114,63,-67,64
-38,7,94,26,24,65
2,50,-91,-20,-35,-28
7,-14,-97,-49,1,-7
-15,-142,-1,54,-42,77
-69,-8,170,48,-83,162
-138,208,213,-29,249,-96
-245,-74,-55,-102,-3,-59
-670,-279,-213,27,-33,4
-740,-343,-259,33,-37,245
-948,-453,-461,-39,87,118
-1205,-450,-612,-67,82,47
-1301,-453,-754,-3,20,-19
-1274,-523,-900,20,-26,-91
-947,-511,-857,-44,14,-277
-721,-514,-782,-11,-59,-329
-502,-529,-627,590,-1014,-1904
1411,-303,1255,269,-292,168
434,65,977,-104,-414,-419
151,-8,624,248,-292,-996
1134,375,779,-293,-124,572
299,1129,454,9,-658,-464
978,1325,959,-133,-323,-206
-276,1543,1170,-783,-276,-166
-319,1242,1747,20,193,2095
-1479,665,1660,-24,1645,1022
-129,-116,2009,-73,891,926
-584,-210,2501,-1016,832,1883
-926,-199,2501,-1016,351,-368
-225,-723,2295,-1016,255,-236
387,-1242,2501,-1016,451,-111
480,-1483,2118,-1016,399,92
24,-1559,1422,-1016,285,-172
-24,-1744,1566,-1016,216,-317
-66,-1861,1730,-1016,230,-294
-243,-1997,1659,-1016,139,-278
-300,-1932,1676,-1016,16,-369
-228,-1726,1667,-1016,-166,-316
-114,-1458,1812,-1016,-283,9
-142,-1057,2014,-764,-289,107
-154,-678,2244,-628,-229,199
-118,-243,2457,-372,-245,243
-18,277,2501,-230,-253,185
40,715,2501,-223,-204,229
135,1083,2501,-268,-141,254
306,1480,2501,-323,-41,341
407,1810,2501,-369,61,468
455,2009,2501,-406,166,557
445,2126,2501,-465,227,632
426,2169,2501,-496,272,631
415,2152,2501,-500,280,570
462,2142,2501,-463,282,499
485,2124,2501,-442,250,527
434,2046,2501,-358,207,429
477,1902,2501,-333,150,345
526,1743,2501,-257,113,272
540,1623,2501,-92,88,251
530,1524,2501,80,53,256
417,1528,2501,219,34,318
94,1480,2501,411,34,304
-258,1414,2501,553,11,244
-525,1314,2501,726,8,226
-833,1322,2461,881,-1,175
-948,1298,2420,1014,-7,87
-1043,1186,2364,1109,9,55
-978,1134,2304,1184,85,142
-877,1197,2235,1181,140,237
-849,1356,1974,1177,225,327
-921,1431,1784,1209,270,417
843,217,1367,-789,632,313
807,346,1336,-873,256,-727
1770,262,1590,-1016,756,5
2189,387,1411,-1016,763,-402
2043,-311,1257,-1016,727,-164
1176,-899,1445,-1016,913,233
42,-1108,1782,-1016,609,48
-704,-1320,2501,-1016,93,-354
-1115,-1617,2501,-1016,-91,57
-2501,-1604,2501,-1016,958,2095
-2501,-977,2501,-1016,-503,-284
-1587,-508,2501,-1016,-530,-68
-1187,-404,2501,-751,-275,66
-673,-394,2501,-439,-200,23
21,-371,2501,-343,-207,-5
472,-219,2501,-246,-218,166
540,188,2501,-149,-303,-4
510,518,2501,-148,-285,-170
408,515,2501,-139,-207,-263
304,324,2501,-214,-121,-375
216,113,2501,-316,-116,-246
155,79,2501,-458,-271,-406
359,116,2239,-478,-160,-774
742,119,1604,-412,-70,-533
919,91,985,1,-87,-77
1058,188,839,177,2,510
1045,482,713,642,-79,590
969,859,872,872,-136,680
974,1242,1319,1807,-159,559
986,1662,2501,1146,143,991
468,2034,2501,1249,153,731
194,2176,2460,1162,177,474
49,2225,2180,1229,156,468
-96,2213,1933,1283,171,356
-181,2242,1715,1322,187,299
-241,2324,1483,1270,195,304
-289,2347,1254,1276,234,215
-231,2298,1075,1313,292,174
-225,2121,904,1381,331,181
-216,1935,795,1402,366,175
-118,1770,702,1402,419,152
-72,1646,594,1323,435,157
-70,1479,516,1271,449,108
-101,1250,463,1244,419,56
-104,999,457,1149,443,70
-122,752,429,1086,495,65
-158,471,389,992,509,-12
-130,229,381,977,519,-26
-47,49,490,904,535,-42
-9,-48,538,855,553,-39
69,-244,632,802,585,-56
149,-409,717,771,595,-48
203,-527,770,705,622,-57
222,-622,782,659,660,-39
216,-693,758,634,667,-56
204,-736,729,614,676,-79
189,-747,690,601,692,-92
172,-736,624,600,706,-96
152,-713,539,587,701,-115
149,-668,450,572,701,-157
153,-594,344,550,703,-177
163,-510,206,527,695,-218
188,-416,65,517,677,-242
205,-372,12,498,674,-209
228,-291,-80,480,680,-191
229,-217,-162,450,701,-171
219,-153,-228,406,718,-157
199,-97,-293,358,737,-146
181,-60,-350,320,742,-139
169,-45,-384,295,753,-140
198,-146,2501,870,2017,752
-1543,209,1539,1550,-817,459
240,345,1856,-451,-1982,100
2501,-84,942,1507,1857,-1733
1173,459,313,163,1105,-1904
603,-72,298,-42,138,1093
-279,149,-147,438,-91,-372
-528,18,-138,102,-352,-562
-297,-28,-100,-398,-11,-92
249,-125,84,226,212,542
418,56,651,-835,336,-419
698,-116,554,-1016,826,390
109,-373,620,-1016,765,-50
-193,-812,949,-1016,662,-184
-469,-1168,1189,-1016,619,-163
-683,-1388,1517,-1016,488,-139
-954,-1475,2113,-1016,208,-170
-1209,-1575,2501,-1016,44,-514
-1429,-1764,2501,-1016,4,-497
-1442,-2081,2501,-1016,16,-215
-1871,-2227,2501,-1016,-218,-391
-1531,-2147,2501,-1016,-109,-457
-1653,-1866,2501,-948,-530,-510
435,-1299,2501,-1016,-83,47
644,-951,2501,-1010,-135,134
779,-795,2501,-727,-207,140
728,-553,2501,-584,-289,237
636,-195,2501,-318,-322,277
632,445,2501,-85,-294,366
475,1134,2501,165,-266,317
403,1515,2501,306,-171,260
402,1649,2501,407,-49,308
411,1768,2336,520,85,401
414,1930,2180,571,211,518
293,2043,2012,595,232,486
215,2038,1905,654,263,497
193,2002,1851,657,347,603
3,1916,1820,669,404,638
-160,1770,1902,642,444,535
-108,1534,2091,528,488,494
-196,1281,2147,431,465,427
-210,1026,2173,405,423,336
-152,808,2233,358,408,331
-194,637,2282,407,369,306
-244,550,2325,458,361,284
-255,547,2323,530,342,285
-293,575,2211,646,320,266
-293,643,2092,750,351,340
-336,743,1926,891,325,328
-354,886,1770,1024,300,316
-313,1014,1653,1097,303,326
-329,1098,1503,1181,266,276
-340,1148,1339,1260,235,194
-351,1180,1169,1298,229,126
-371,1162,994,1344,227,69
-390,1133,837,1343,220,-7
-387,1042,690,1387,219,-79
-357,907,616,1345,215,-195
-262,764,547,1329,236,-261
-159,589,471,1314,261,-329
-7,422,442,1275,292,-316
124,299,396,1243,335,-287
194,217,343,1209,377,-247
219,147,291,1164,428,-185
175,95,219,1100,492,-115
91,50,154,1056,530,-93
38,-4,124,976,580,-54
4,-33,110,907,628,-56
-27,-103,116,883,639,-55
-53,-164,137,795,648,-82
-182,-45,1477,59,-1982,36
2501,-335,1562,123,-95,838
2501,-531,1108,317,128,402
2501,-387,1012,-188,-864,-168
2098,-112,704,780,2017,-1904
515,603,588,-556,915,-211
-624,529,161,-506,415,-48
-550,458,574,-1016,120,-16
-294,408,360,-929,-89,-765
246,203,173,-1016,-328,-946
1072,-156,263,-1016,-369,-1003
1662,-1099,621,-1016,508,233
573,-1098,225,-1016,351,307
-255,-1259,586,-1016,300,105
-699,-1776,1635,-1016,56,-183
-937,-2169,1922,-1016,27,-225
-1214,-2501,2051,-1016,18,-93
-1407,-2501,2281,-1016,59,99
-1287,-2501,2501,-1016,345,400
-1334,-2501,2501,-1016,534,1294
-1875,-1510,2501,-427,-405,-614
659,-917,2501,-1016,-63,-23
1039,-843,2501,-946,28,412
1166,-731,2501,-754,13,606
853,-266,2501,-592,3,584
676,181,2501,-389,-60,590
449,631,2501,-291,-45,663
182,1053,2301,-110,-105,524
273,1422,2248,43,-101,408
485,1742,2251,108,-36,316
724,2023,2144,251,3,289
953,2305,2075,329,61,347
996,2501,1914,375,151,398
906,2501,1657,396,244,505
548,2501,1223,541,216,445
404,2501,1068,677,130,307
187,2501,830,777,60,245
-45,2360,643,931,-6,118
-203,2166,611,943,6,72
-247,1931,713,953,54,23
-313,1661,1053,905,27,-29
-419,1416,1105,838,122,-69
-506,1201,1044,799,181,-81
-583,989,1017,818,205,-91
-578,810,1104,776,256,-88
-583,713,1162,778,310,-81
-531,620,1320,745,329,-66
-482,532,1377,745,354,-45
-465,493,1377,755,381,3
-528,489,1351,772,384,44
-623,466,1330,825,364,26
-725,475,1324,865,347,8
-781,492,1318,869,337,-31
-863,521,1309,868,320,-110
-906,543,1289,852,312,-185
-891,550,1223,863,322,-208
-835,544,1163,844,326,-262
-762,549,1110,863,319,-275
-707,546,1039,858,303,-309
-619,538,976,896,299,-270
-538,515,887,889,329,-244
-472,504,821,900,342,-238
-432,497,769,862,368,-264
-396,470,716,836,409,-249
-338,428,619,779,427,-288
-249,384,506,743,452,-267
-148,331,405,709,476,-245
-72,264,338,677,511,-196
-41,235,296,640,543,-135
-48,191,263,617,560,-111
62,41,193,-43,55,-141
83,-32,151,47,48,4
94,14,113,-20,-31,-68
147,-31,107,103,65,60
94,69,-8,-36,-42,-30
274,-34,110,56,238,157
170,13,23,14,-95,-96
267,-61,112,-19,2,-38
147,-72,-6,16,-49,-90
113,-159,-7,-53,-12,-79
214,-190,-53,51,208,-72
268,-195,-211,-30,65,-269
400,-295,-182,36,-7,-236
765,-295,-90,-5,84,-135
722,-381,16,6,82,-534
897,-215,105,48,-35,41
797,-144,-26,-45,31,-159
628,-186,-56,-42,-31,-459
504,143,210,36,-724,-38
106,-149,221,-312,-431,-1695
1226,-411,-208,-59,-1982,-1904
1634,393,103,-253,-1473,-954
-187,488,192,414,2017,-48
2501,1191,-924,11,304,2095
2501,84,-80,0,1456,1788
1730,-197,49,570,2017,2095
-385,-23,91,-190,-477,-75
303,-249,611,-596,-765,-1201
973,311,1046,-1016,-506,-809
254,-315,853,-1016,856,702
-1615,-620,1568,502,2017,2002
-2501,-1274,1332,-1016,298,-712
-283,-2276,1488,-1016,537,176
-425,-2475,2206,-1016,77,-343
-1091,-2501,2229,-1016,-176,-720
-1095,-2501,2501,-1016,-299,-562
-1180,-2501,2501,-1016,-346,-566
-1175,-2501,2501,-1016,-534,-556
-1354,-2501,2501,-1016,-967,-867
-267,-2501,2501,-1016,-158,903
-332,-1495,2501,-1003,-330,55
755,-787,2501,-1016,-183,194
707,-251,2501,-832,-306,259
620,379,2501,-421,-366,532
223,1226,2501,-31,-511,501
60,1787,2501,271,-487,502
35,2120,2501,433,-374,619
-22,2382,2409,521,-331,710
-54,2501,2299,579,-180,811
-124,2501,2312,583,-26,927
-219,2397,2353,568,163,1040
-264,2174,2411,491,338,1085
-315,1893,2484,581,419,1014
-231,1579,2501,384,463,888
-172,1282,2501,470,418,749
-64,1020,2478,626,332,619
86,780,2501,798,205,488
114,629,2501,903,109,367
133,599,2501,1023,71,310
85,667,2457,1164,12,278
5,755,2300,1242,-16,289
-78,806,2096,1369,-42,334
-136,829,1864,1507,-31,401
-188,843,1610,1638,-5,479
-277,856,1283,1777,27,501
-399,865,903,1929,17,453
-442,856,716,2093,4,389
-492,809,397,2159,31,290
-558,727,29,2250,26,155
-595,648,-276,2300,14,80
594,-241,-1186,-292,16,-91
531,-310,-1780,9,144,-180
525,-333,-1714,-16,-37,-180
660,-300,-1742,-94,-109,-165
775,-350,-1641,-27,-91,-245
953,-373,-1880,116,48,-217
1020,-362,-1856,83,-2,-128
1079,-341,-1737,-177,-199,-332
1375,-474,-1551,-295,-399,-80
1540,-481,-2077,-244,-477,18
1891,-641,-2070,-123,-501,-141
2145,-523,-2107,1209,179,-1505
2292,177,859,162,579,177
1008,846,2136,-690,659,721
278,671,1140,-655,83,120
253,276,1079,-897,-125,-30
355,-92,839,-799,-284,-201
615,-250,855,-1016,-262,-517
840,-225,865,-1016,-410,-619
1129,-191,1228,-1016,-232,-531
1233,-162,2002,-1016,-17,-543
1026,124,2501,-1016,45,-770
870,304,2501,-1016,326,-817
321,320,2501,-1016,412,-973
-149,402,2501,-1016,461,-1217
-611,31,2501,-1016,445,-1141
-1222,-1040,2501,-1016,306,-1200
-1811,-2501,2501,-1016,27,-833
-2470,-2501,2501,-1016,-362,-351
-2501,-2501,2501,-1016,-902,659
-2218,-2501,2501,-618,-270,1978
-2348,-2501,2501,301,-20,2095
-1157,-1223,2501,-79,-836,366
-15,-1003,2501,382,-1048,375
299,-1041,2501,944,-844,438
342,-819,2501,1178,-597,554
49,-355,2501,1259,-462,592
-486,34,2501,1168,-335,466
-1247,341,2501,1087,-386,65
-1506,563,2501,1039,-350,-281
-1464,819,2302,1111,-325,-412
-1234,1106,2191,1156,-228,-390
-927,1470,1987,1293,-57,-232
-627,1958,1613,1412,30,3
-742,2069,1307,1669,33,151
-877,2055,1093,1856,32,236
-966,1945,875,2017,34,302
-1040,1767,653,2127,54,329
-1051,1522,499,2257,43,306
-982,1258,472,2344,84,269
-878,1025,521,2376,113,193
-725,760,639,2302,114,98
-617,603,716,2185,133,1
-425,284,788,2074,112,-92
-255,15,795,2001,87,-248
-48,-185,791,1926,106,-278
85,-352,779,1818,98,-403
186,-498,764,1677,99,-482
246,-621,733,1538,132,-545
229,-711,670,1403,155,-598
196,-803,597,1302,186,-622
165,-829,517,1171,237,-620
154,-791,399,1059,276,-590
153,-697,262,960,306,-541
164,-564,122,869,327,-512
196,-397,-16,786,350,-491
239,-264,-172,712,383,-455
278,-163,-333,642,417,-394
326,-47,-487,571,437,-346
388,41,-622,498,464,-280
116,280,533,2,131,143
-92,249,609,-29,32,-43
-69,223,561,34,-60,-150
86,225,668,-85,21,-69
94,252,535,-43,18,-196
110,269,394,-99,21,-116
260,358,401,-6,-19,-174
428,453,446,-49,-66,-83
526,486,516,-51,-105,-191
612,578,689,-93,-44,-56
565,646,664,-226,28,29
420,632,601,-355,114,41
284,647,534,-386,102,-12
290,637,569,-493,131,-75
314,653,596,-618,175,-139
356,679,641,-779,218,-204
420,666,800,-911,257,-267
423,632,1009,-992,273,-296
349,526,1247,-1016,336,-398
220,353,1495,-1016,354,-438
28,256,1655,-1016,318,-449
-198,234,1833,-1016,254,-606
-526,500,1944,-746,-315,-1072
877,596,2501,-986,92,-799
960,962,2501,-885,167,-565
1027,1333,2501,-759,238,-375
484,1576,2501,-1016,315,-65
-213,1527,2501,-739,94,-189
-497,1438,2501,-521,14,-195
-485,1528,2501,-263,3,-195
-303,1774,2501,-201,32,-140
-169,1968,2501,-234,122,-121
-125,2046,2501,-174,137,-128
-100,2092,2501,-107,165,-112
-102,2136,2501,-49,207,-138
-107,2172,2501,-70,234,-156
-119,2217,2501,-180,293,-216
-164,2172,2501,-276,331,-362
-97,2064,2501,-427,349,-445
-33,1881,2501,-402,317,-476
13,1712,2501,-304,282,-432
10,1610,2501,-254,273,-327
-111,1528,2501,-152,236,-248
-274,1433,2501,-66,222,-175
-478,1352,2501,-8,229,-98
-693,1277,2501,48,241,-48
-878,1251,2501,242,168,-32
-958,1289,2501,431,134,7
-975,1362,2501,549,139,62
-979,1434,2501,711,128,70
-986,1527,2501,803,145,103
-1037,1639,2494,918,191,106
-1098,1753,2295,978,239,116
-1154,1879,2138,950,273,114
-1247,1931,1988,978,300,91
-1331,1923,1824,975,320,33
-1314,1916,1717,928,377,18
-1288,1843,1587,868,414,-67
-1207,1723,1461,743,447,-123
-1080,1542,1368,647,523,-171
-971,1344,1284,627,556,-174
-873,1151,1255,572,580,-175
-785,962,1246,550,588,-191
-717,780,1246,618,570,-189
-666,633,1255,613,569,-163
-660,528,1256,671,553,-151
-660,446,1265,714,566,-153
-670,402,1234,706,577,-158
-653,363,1199,777,565,-163
-638,347,1137,814,564,-161
122,19,29,93,104,23
51,-80,50,1,91,43
-14,-22,-148,60,98,20
-51,-4,-174,23,87,47
-70,27,-35,-4,76,40
-53,30,-7,-73,59,51
-38,56,-184,-8,-207,-497
143,58,-323,62,50,-763
502,-31,-281,-491,492,121
247,-130,-820,172,461,-238
194,-52,-15,-534,449,410
-35,-35,-608,-338,578,205
-517,-77,-1151,220,374,-119
-699,-82,-1008,-59,41,-52
-690,-81,-1058,-459,-221,6
-204,-269,-1740,-737,-1885,-833
842,-559,-1434,-208,-88,148
382,-526,-636,638,-418,-80
238,-245,938,764,-516,350
86,-59,1562,505,-326,277
-120,368,2481,-290,-32,-262
-236,588,1968,-685,14,-404
-100,634,1620,-585,-41,-432
210,707,1323,-568,20,-417
335,862,1316,-409,-42,-406
455,984,1377,-605,83,-270
440,1018,1152,-511,99,-131
377,1300,1146,-559,50,-58
435,1467,1291,-666,114,-48
388,1480,1376,-810,165,-48
219,1465,1316,-832,232,121
-301,1757,961,-690,-30,-282
557,2131,1640,24,-240,-804
1684,2224,2501,-842,152,-203
1439,2471,2299,-730,224,-179
1197,2470,2455,-1016,415,5
358,2257,2012,-1016,419,19
-151,1935,1635,-1009,301,-424
-112,1710,1829,-961,156,-719
210,1647,2255,-790,114,-789
554,1689,2501,-961,173,-688
608,1705,2501,-1011,243,-605
478,1689,2501,-1016,262,-507
107,1658,2501,-1003,278,-406
-605,1577,2501,-758,217,-405
-879,1691,2501,-644,177,-323
-1085,1907,2501,-484,138,-321
-1199,2136,2501,-366,18,-290
-1169,2364,2501,-164,21,-240
-1128,2501,2501,-81,82,-191
-1109,2501,2501,-84,90,-260
-1108,2501,2501,32,122,-132
-1102,2501,2501,300,160,374
-1142,2501,2501,270,206,-123
-1033,2501,2497,409,247,37
-967,2501,2435,308,295,-118
-868,2501,2397,327,254,-60
-636,2400,2341,264,366,-187
-487,2299,2352,155,351,-351
-317,2191,2322,108,324,-344
-225,2065,2287,139,278,-429
-208,1959,2249,211,236,-368
-317,1891,2183,327,236,-278
-502,1865,2115,336,273,-155
-728,1845,2010,517,313,-102
-890,1799,2057,558,379,-27
-1071,1730,2052,651,395,20
-1241,1573,2065,689,360,39
-1401,1351,2015,800,336,39
-1538,1119,1941,942,319,24
986,-291,1423,-154,859,-450
809,-253,1372,501,306,-149
2501,-604,946,332,2017,-1904
633,586,-914,-178,-603,-1304
520,141,-139,-1016,-909,2095
892,177,-634,1847,62,993
1183,930,1883,104,796,-263
956,1596,1629,-1016,950,642
359,1566,1250,-865,1034,-311
307,1770,1792,-1016,677,-1384
408,1699,1717,-1016,449,-1566
393,1399,2148,-1016,448,-1514
221,1324,2501,-1016,395,-1383
-52,1476,2501,-1016,283,-1225
-458,1653,2501,-1016,84,-1024
-1130,1872,2501,-1016,-102,-966
-1380,1975,2501,-1016,-112,-901
-1325,2134,2501,-1016,-41,-803
-1045,2362,2501,-1016,45,-791
-578,2501,2501,-1016,73,-938
8,2501,2501,-1016,21,-1058
1081,2501,2501,-1016,92,-982
1567,2501,2501,-1016,146,-854
1827,2501,2501,-1016,-155,-932
2046,2501,2501,-912,-176,-793
2082,2501,2501,-1016,315,-290
1443,2501,2501,-764,282,-104
782,2501,2501,-467,186,121
154,2501,2501,-250,97,222
-299,2501,2501,-55,80,294
-619,2501,2501,252,37,310
-821,2501,2501,398,17,333
-945,2501,2501,579,84,361
-1117,2501,2501,745,96,374
-1326,2501,2501,838,58,348
-1553,2501,2372,1077,85,345
-1784,2501,2172,1238,61,352
-2000,2501,2025,1340,80,287
-2114,2501,1819,1460,29,202
-2031,2120,1598,1600,-73,94
-1764,1819,1495,1705,-108,49
-1493,1553,1455,1723,-61,76
-1381,1263,1405,1652,-20,83
-1350,970,1276,1663,-14,33
-1313,740,1175,1611,27,-3
-1279,555,1072,1562,75,-33
-1215,419,988,1568,124,-64
-1091,314,951,1525,200,-53
-958,244,910,1495,271,-41
-828,207,860,1419,321,-46
-678,194,778,1359,389,-19
-545,203,707,1281,489,29
-444,213,626,1211,575,47
-366,223,552,1149,659,48
-306,220,483,1087,717,34
-278,220,454,1059,745,8
-226,212,400,1012,774,-9
-185,209,355,999,788,-25
-170,200,315,964,812,-48
-178,185,271,954,817,-96
-172,176,236,960,807,-132
-163,163,232,955,794,-151
-174,149,212,951,796,-195
-186,140,197,964,794,-250
-188,129,189,960,770,-291
-192,105,146,971,755,-321
-207,70,135,973,739,-334
-251,24,121,976,737,-360
-287,-26,97,990,743,-375
-287,-69,69,1012,735,-405
675,96,-261,-538,162,-457
932,-179,142,-24,947,-370
399,-184,644,782,1345,-483
-135,232,-774,852,-43,-1018
-232,396,-1819,-14,33,-660
-134,366,-1799,-260,312,-110
-261,178,-1504,-226,144,80
-451,68,-1278,113,122,-23
-506,161,-1204,-155,377,-117
-417,231,-1252,170,5,-429
-578,209,-856,-197,308,-275
-592,191,-561,-63,303,38
-941,133,-330,-23,150,10
-928,39,-224,-55,310,-316
-823,124,-246,-25,225,166
-993,82,-235,97,173,-387
-996,88,-206,115,46,-591
-863,153,-214,-111,23,-120
-778,91,-232,-22,81,-644
-642,111,-198,-55,152,-8
-612,117,128,4,39,-1112
-489,39,-107,292,191,-533
-397,-20,273,-96,-55,-821
-290,-42,771,-255,-84,43
-385,-157,528,-611,135,-257
-206,-292,-205,-392,341,-54
-92,-438,-50,-330,444,105
-149,-544,206,-303,442,227
-229,-632,357,-248,308,-132
-157,-699,583,-335,301,-319
-6,-548,639,-325,370,-107
-8,-200,811,-244,345,-284
105,113,996,-243,350,-238
210,320,1091,-257,279,-362
371,463,1079,-183,240,-370
540,637,1155,-156,236,-447
683,850,1217,-156,237,-514
778,1091,1319,-296,278,-549
772,1297,1379,-509,344,-497
670,1389,1523,-561,398,-563
521,1412,1629,-626,423,-611
180,1371,1796,-601,402,-666
-19,1359,1967,-729,373,-672
-168,1307,2042,-717,386,-715
-236,1310,2094,-623,346,-696
-220,1398,2211,-526,383,-595
-270,1523,2387,-521,444,-466
-382,1654,2423,-442,423,-375
-447,1733,2501,-368,350,-343
-475,1783,2501,-374,383,-237
-551,1783,2501,-254,361,-220
-641,1784,2467,-178,354,-247
-714,1733,2407,-148,337,-365
-647,1675,2384,-137,339,-451
-518,1596,2460,-162,365,-518
-378,1525,2501,-165,385,-545
-267,1497,2501,-153,430,-469
-247,1480,2501,-192,460,-403
-292,1455,2501,-153,400,-408
-291,1434,2501,-87,398,-374
-336,1417,2501,-9,335,-314
-398,1407,2501,94,325,-269
-451,1425,2501,183,331,-227
-529,1487,2501,300,330,-210
-608,1581,2409,322,357,-194
-665,1647,2267,371,362,-236
-630,1659,2183,433,361,-267
-538,1659,2152,424,367,-286
-437,1641,2127,451,384,-292
-340,1630,2123,423,406,-291
272,87,-1116,677,-575,-446
698,51,-108,-684,1820,84
80,-262,830,420,-83,-213
95,-205,489,349,-814,4
301,86,-1260,614,-222,-162
629,65,-1131,-155,897,-204
459,-162,-496,597,295,-224
446,-112,-431,574,7,-56
328,-42,58,-717,1492,-283
-166,-75,35,201,168,-205
-44,117,-1611,903,-1244,-244
554,-15,-216,-610,922,-321
457,-236,22,171,-319,-156
561,-80,70,-132,676,-20
460,-131,-650,559,-177,-61
579,-120,447,-1016,874,-248
472,-207,-126,655,31,-23
320,-222,505,278,61,-358
520,-254,1043,-184,426,-145
334,-286,1607,-373,993,-254
93,-276,1127,243,-361,-59
384,-16,427,721,-224,-243
980,114,194,-238,970,170
839,-24,-1613,-273,1633,1138
-245,-307,-2059,179,806,382
-373,-588,-729,-1016,173,-1904
-170,-706,-1314,-297,1163,-1395
-456,-300,-383,27,454,-467
-279,-94,279,-375,271,-448
-131,-37,233,-345,229,-468
124,8,210,-157,255,-663
229,104,173,-88,70,-579
553,391,370,-67,107,-628
851,810,649,-67,179,-657
1043,1258,978,-370,290,-520
1071,1621,1023,-526,400,-445
1007,1907,1074,-631,488,-546
960,2168,1157,-672,492,-614
965,2501,1432,-684,467,-671
963,2501,1672,-762,470,-643
919,2501,1832,-781,460,-607
834,2501,1961,-781,439,-598
756,2501,2043,-746,430,-572
651,2501,2118,-730,418,-553
545,2501,2198,-662,399,-551
444,2501,2303,-608,401,-536
323,2501,2437,-581,401,-532
174,2439,2501,-586,442,-480
-63,2277,2501,-539,471,-400
-355,2099,2501,-524,541,-356
-696,1916,2501,-511,547,-381
-959,1765,2501,-427,451,-553
-1093,1666,2501,-382,382,-623
-1167,1562,2501,-360,337,-621
-1211,1503,2501,-276,294,-594
-1245,1475,2501,-135,253,-524
-1265,1517,2501,-27,245,-439
-1326,1600,2501,84,264,-355
-1384,1693,2501,169,148,-412
-1251,1824,2501,188,215,-508
-1075,1915,2501,86,357,-571
-928,1928,2501,156,365,-540
-731,1985,2501,264,299,-479
-597,2092,2501,322,277,-387
-551,2197,2501,365,285,-316
-583,2255,2501,431,316,-248
-651,2283,2501,515,318,-230
-686,2283,2385,613,332,-192
-723,2290,2267,760,342,-148
-766,2275,2209,812,349,-99
-2,-72,20,-6,26,55
-18,-56,-10,-9,29,-19
5,-28,-4,14,-53,23
-15,34,80,19,36,-4
-14,52,42,-50,-8,-11
-9,32,-19,4,-41,-13
-9,-4,50,-48,38,-40
5,-19,12,0,-22,-3
7,-19,39,65,-18,29
-4,-5,66,-10,9,-10
0,16,45,-178,41,-597
206,-13,4,-486,351,-1904
791,-129,128,-322,933,-1844
-300,84,-687,790,-118,-16
-122,255,124,344,-1009,1440
-1218,160,1295,28,-1982,640
-1286,632,943,-143,521,-1200
-1903,506,791,-84,-1291,444
-1119,13,1457,-439,-55,550
-1048,-124,1730,69,538,508
-1347,-184,1901,-349,-216,-58
1283,-87,143,442,1313,1699
1035,121,820,-272,792,364
497,196,660,-278,339,2
716,119,1069,-793,309,-128
1546,-158,978,-619,283,-512
1758,-165,885,-1016,577,-36
1347,-196,536,-785,647,-14
1047,-409,862,-1016,350,-617
869,-783,1030,-1016,383,-135
517,-1049,1149,-1016,407,-25
188,-1074,1349,-907,502,146
-149,-974,1670,-966,520,115
-448,-900,1880,-1007,337,16
-623,-855,2040,-969,166,-306
-557,-842,2205,-976,146,-234
-410,-786,2368,-1016,209,-286
-226,-740,2352,-1016,222,-152
118,-607,2355,-1016,302,-17
211,-508,2380,-1016,353,-45
188,-488,2344,-1016,232,201
90,-454,2381,-1016,189,63
56,-385,2501,-1016,-6,376
18,-291,2501,-1004,-163,528
-89,-2,2501,-605,-309,620
-65,547,2501,-165,-398,827
97,1300,2501,34,-352,853
215,2085,2501,253,-200,797
298,2501,2501,236,-81,571
416,2501,2501,24,15,439
512,2501,2501,111,112,468
525,2501,2501,176,251,520
508,2501,2501,163,363,546
455,2501,2501,-19,456,463
362,2501,2501,-195,487,282
341,2501,2501,-314,439,119
310,2367,2501,-138,374,5
365,2195,2501,-98,312,-11
454,2087,2501,-49,283,22
446,2025,2501,13,241,12
440,1924,2501,50,195,-8
361,1825,2501,265,153,5
242,1805,2501,454,159,49
114,1845,2501,600,158,32
45,1896,2501,776,152,27
36,1914,2501,933,139,64
9,1911,2501,1113,106,54
7,1897,2495,1215,80,-62
31,1838,2323,1353,73,-49
-30,1757,2154,1387,88,-98
171,-542,119,-639,2017,-551
-48,-451,-1063,-336,-15,21
-315,-368,-994,542,759,-563
-406,-221,431,133,55,-248
-62,-119,1040,-668,-50,147
-25,-311,391,-555,36,238
18,-442,86,-281,231,39
-38,-472,247,-244,132,-150
19,-566,289,-482,109,-19
0,-627,134,-443,147,-149
165,-529,60,-302,177,-127
254,-494,213,-447,149,-203
452,-506,538,-434,103,-177
490,-607,795,-486,86,-228
493,-770,1005,-507,82,-142
245,-895,1106,-667,169,96
-191,-1033,1159,-625,139,43
-575,-1110,1357,-530,113,65
-931,-1119,1619,-632,73,3
-1192,-1151,1738,-639,47,-44
-1236,-1223,1879,-610,39,-71
-1078,-1204,2018,-571,92,-160
-871,-1024,2176,-558,67,-17
-616,-806,2405,-522,14,-2
-393,-689,2501,-553,2,39
-272,-668,2501,-499,8,81
-208,-607,2501,-533,86,181
-219,-407,2501,-519,130,210
-252,-145,2501,-528,149,238
-272,78,2484,-453,174,250
-244,216,2422,-474,194,334
-160,334,2336,-481,172,267
-12,491,2274,-347,181,301
108,697,2401,-286,190,344
170,920,2501,-259,207,375
207,1144,2501,-267,216,359
240,1369,2501,-210,206,373
239,1608,2501,-180,187,352
225,1752,2501,-199,176,298
267,1791,2418,-198,184,270
363,1857,2255,-190,212,229
481,1965,2124,-182,238,240
573,2053,2043,-218,249,225
671,2083,1977,-267,244,190
720,2108,1910,-188,233,182
711,2162,1915,-120,203,198
608,2207,1944,-73,211,207
455,2237,2025,27,220,189
220,2228,2129,101,198,188
0,2169,2296,190,205,144
-172,2107,2410,252,225,114
-302,2047,2443,306,210,81
-375,2029,2436,385,228,53
-422,1983,2419,435,218,37
-452,1891,2355,478,246,45
-453,1798,2308,496,313,89
-459,1686,2269,497,353,74
-458,1546,2244,542,368,31
-430,1409,2217,552,390,16
-411,1301,2127,584,407,33
-379,1237,2059,641,427,60
-382,1161,2047,693,401,27
-394,1128,2080,680,427,-24
-395,1087,2097,578,443,-72
-416,951,1989,584,446,-102
-435,856,1886,621,479,-100
-472,810,1827,638,476,-96
-494,787,1790,656,465,-116
-495,734,1774,633,466,-144
-492,684,1693,691,460,-186
-24,53,0,-28,222,-46
-50,34,83,14,8,12
-4,17,6,-15,82,-35
-11,10,-53,71,43,32
10,-13,-140,-29,-49,-54
-32,-48,88,6,-174,73
-69,40,347,-52,-244,66
-36,80,463,112,-616,103
18,153,309,345,332,-550
-577,298,-819,-315,644,-757
-853,-376,-109,181,-444,-318
-1116,-12,-414,159,-152,616
-1791,172,258,6,102,-162
-2257,406,191,-58,-138,-45
-2313,260,429,-548,484,47
-243,-82,1083,72,14,385
-582,22,1256,-115,479,-115
-776,70,1668,-148,154,-403
-805,-85,2138,-302,93,-310
-386,-112,2501,-200,-129,-556
466,144,2501,-804,585,-118
705,371,2068,-873,329,-338
589,132,1228,-658,299,-200
559,-137,1081,-441,95,-273
757,-43,1120,-375,106,-378
990,359,1245,-417,72,-353
1104,753,1211,-316,97,-307
1206,999,1139,-292,57,-153
1352,1153,1097,73,164,-30
1300,1389,1472,-233,70,57
1280,1639,1630,-257,127,149
1294,1773,1598,-311,191,302
1299,1870,1326,-317,220,25
1227,2026,1138,-597,325,16
1213,2153,965,-40,666,286
1129,2079,1583,-581,470,-178
944,1762,2102,-668,418,-198
909,1561,2188,-710,465,-381
862,1473,2374,-821,435,-476
774,1445,2484,-887,412,-524
622,1406,2501,-956,402,-505
447,1348,2501,-949,371,-515
282,1357,2501,-825,288,-521
180,1449,2501,-754,252,-465
91,1578,2501,-614,218,-382
69,1742,2501,-426,192,-324
83,1926,2501,-289,201,-233
124,2100,2464,-172,214,-158
150,2301,2393,18,293,-452
246,2322,2089,7,-14,-12
394,2354,2113,169,227,96
308,2482,2024,218,450,128
173,2501,1909,176,485,183
71,2501,1743,312,402,132
34,2501,1651,397,302,-102
125,2500,1685,347,344,-300
281,2455,1763,261,418,-192
338,2418,1866,123,525,-259
324,2322,1974,-14,552,-347
265,2192,2018,-87,557,-231
98,2018,2015,0,519,-341
-46,1920,2054,68,470,-343
-177,1932,2077,-5,454,-185
-332,1876,1965,238,366,-419
-350,1858,1983,95,371,-232
-414,1811,1809,452,304,-408
-344,1821,1820,418,278,-230
-290,1829,1723,583,252,-156
-270,1820,1653,753,287,-232
-305,1843,1640,693,306,-91
869,-206,461,25,633,336
821,-162,320,-56,331,236
549,142,652,-12,1083,272
-587,121,457,34,171,86
-732,95,451,13,166,-185
-929,48,146,85,-134,-76
-773,126,53,-125,163,554
-943,30,148,-50,-20,444
-540,166,-11,24,37,-120
-772,-49,206,89,-144,-283
-497,68,198,-208,232,-723
-197,103,227,-146,-226,557
45,2,763,-80,102,-312
364,88,854,-210,69,55
475,-5,1320,-129,-147,44
846,174,1603,-214,-98,81
1055,28,2101,-271,133,-122
1001,48,1961,-433,385,-305
657,-131,1422,-578,237,111
334,-247,1161,-371,708,-1587
-784,-737,302,-1016,71,-481
-961,-1542,-68,-568,-276,205
603,-585,-1563,-222,541,1040
646,-736,688,-151,699,87
277,-530,1187,-774,420,411
417,-704,1862,-431,62,-138
847,-659,2265,-341,-90,-138
1534,-674,2501,-413,79,135
798,-366,2181,-114,349,-75
420,-138,2010,-272,168,41
325,-184,2070,-387,191,-105
231,-68,1893,-293,177,-122
446,30,2126,-460,149,-80
518,75,2173,-471,226,-80
355,271,2004,-335,445,-134
67,687,1643,-427,-157,-246
781,439,2296,-415,194,-209
1010,644,2230,-293,371,-55
1011,1023,2028,-407,592,6
751,1263,1753,-472,669,26
411,1341,1627,-476,612,25
190,1332,1666,-432,517,-12
142,1312,1785,-374,555,-24
132,1378,1772,-364,543,-69
150,1456,1758,-400,591,-85
128,1482,1772,-444,571,-78
87,1415,1919,-452,648,-97
-69,1355,1967,-490,657,-181
-200,1269,1972,-482,574,-214
-267,1184,2055,-439,530,-215
-305,1151,2126,-407,451,-230
-300,1123,2188,-388,373,-249
-248,1091,2233,-267,334,-209
-184,1097,2256,-195,313,-178
-70,1139,2246,-115,288,-142
-4,1176,2205,-2,240,-110
51,1235,2165,116,208,-59
75,1275,2139,219,193,29
107,1369,2083,301,184,69
124,1463,2005,334,197,96
128,1553,1915,375,216,115
119,1624,1768,403,244,123
117,1665,1618,422,265,117
131,1672,1503,434,303,121
140,1663,1397,439,354,151
129,1659,1301,456,407,160
84,1620,1249,460,466,174
7,1565,1221,459,512,154
-80,1475,1189,466,528,155
-168,1399,1161,515,524,131
236,105,211,-86,56,32
230,78,192,-5,47,77
258,73,199,11,-3,64
264,43,195,6,58,-126
421,-38,122,88,-45,-216
500,-14,533,-130,-4,301
356,148,788,99,72,198
365,206,1016,-119,-45,-135
549,180,1058,22,98,-4
766,116,1174,14,-12,62
761,127,1452,-109,83,188
766,154,1727,-116,79,144
749,208,2286,-249,137,221
799,364,2501,-215,313,250
819,677,2501,-270,5,-75
866,877,2501,-1016,130,-250
826,882,2501,-1016,179,-342
683,875,2501,-1016,186,-410
757,990,2501,-1016,387,-482
517,1207,2501,-1016,361,-303
234,1475,2501,-1016,381,-556
330,1743,2501,-1016,405,-564
520,2163,2501,-1016,487,-555
556,2501,2501,-1016,363,-605
847,2501,2501,-1016,369,-373
1118,2501,2501,-1016,379,-128
1319,2501,2501,-1016,364,-240
1411,2501,2501,-1016,252,6
1443,2501,2501,-603,176,-15
1596,2501,2501,-434,251,166
1651,2501,2501,-168,45,127
1746,2501,2501,-344,433,425
1470,2501,2501,-28,333,188
1472,2501,2501,72,377,132
1480,2501,2501,126,322,30
1416,2501,2501,267,246,-14
1317,2501,2501,137,213,-298
1196,2501,2501,369,189,4
948,2501,2420,621,396,259
550,2501,2247,584,177,-192
395,2501,1939,986,113,-25
203,2501,2014,1178,312,131
-107,2501,1973,1399,214,178
-104,2501,1939,1607,8,44
-39,2501,1891,1554,-62,-16
-56,2501,1745,1740,69,68
-190,2443,1765,1728,-24,-92
-246,2096,1688,1825,31,-47
-286,1710,1618,1845,45,-170
-348,1374,1395,1846,9,-128
-402,1111,1197,1862,78,-120
-452,889,1019,1720,125,-111
-501,638,829,1706,180,-141
-521,430,726,1549,219,-161
-530,241,602,1457,272,-217
-525,106,496,1329,305,-221
-533,6,370,1241,354,-233
-531,-66,259,1158,397,-239
-517,-125,158,1090,458,-248
-465,-195,111,1008,527,-263
-420,-256,47,980,588,-226
-374,-295,16,951,617,-213
-315,-337,12,926,640,-221
-257,-380,15,906,648,-234
-206,-412,11,879,659,-244
-168,-416,-22,850,678,-260
-142,-401,-62,821,721,-269
-141,-374,-95,776,762,-287
-145,-353,-89,737,791,-334
-140,-343,-55,697,812,-379
-2129,511,1040,-439,-1247,-599
-1571,202,1841,-294,-50,-667
-1113,99,1718,-97,-438,-64
-209,196,1554,181,96,416
957,49,450,328,490,1589
491,-231,1037,-274,629,380
100,-399,730,-190,247,-458
604,-220,1027,-303,122,326
832,333,1021,-941,627,417
272,52,149,-737,483,268
91,-309,-40,-723,474,217
124,-666,-31,-362,256,103
248,-750,208,-430,203,138
260,-798,416,-360,74,62
318,-832,599,-332,79,94
437,-894,995,-375,120,314
175,-817,1103,-519,384,706
-384,-677,1192,-334,285,251
-449,-540,1494,-502,280,161
-565,-300,1467,-526,216,-60
-517,-121,1407,-551,224,-170
-215,102,1434,-660,205,-206
48,326,1557,-705,243,-133
216,675,1660,-742,182,-139
369,1017,1811,-777,138,-151
450,1254,1943,-851,160,-106
419,1469,1994,-864,184,-59
348,1697,2046,-851,219,-74
273,1839,1986,-771,101,-35
343,2019,2139,-709,139,136
355,2290,2246,-545,207,237
269,2486,2215,-414,125,225
254,2501,2123,-205,105,190
273,2501,1970,-36,139,281
254,2501,1839,66,189,324
190,2501,1698,159,195,311
186,2501,1696,93,236,234
200,2501,1593,149,228,136
230,2453,1494,142,217,100
282,2373,1567,63,250,23
291,2335,1627,-75,261,-97
288,2219,1757,-209,276,-186
287,2060,1890,-312,269,-196
238,1942,1977,-336,272,-204
138,1915,2042,-292,264,-156
31,1992,2102,-217,264,-92
-95,2055,2191,-132,243,-54
-196,2079,2336,-31,256,-47
-305,2087,2376,50,250,-30
-393,2118,2308,201,231,-34
-445,2167,2232,319,252,-21
-449,2189,2236,433,295,-28
-501,2133,2158,566,247,-25
-507,2039,2019,605,198,-157
-485,1949,1838,761,255,-102
-582,1875,1632,922,274,-111
-585,1770,1478,981,263,-210
-530,1642,1310,997,292,-284
-440,1513,1148,983,329,-338
-373,1365,984,972,334,-351
-344,1238,820,1000,351,-373
-300,1128,727,993,365,-387
-277,1028,644,980,361,-382
-297,938,567,898,362,-356
-297,828,553,836,410,-362
-324,712,530,753,447,-337
-352,605,538,724,454,-365
-360,499,580,698,465,-378
-335,424,626,672,485,-382
-336,363,617,686,463,-413
-837,154,-237,92,-554,350
-943,11,993,736,-1436,398
-751,-308,547,-133,685,46
-897,-272,1039,371,67,726
575,-162,1499,-62,1438,193
-856,83,958,219,432,385
-775,409,732,-212,-28,562
-368,213,782,-152,-10,333
-68,-9,822,20,30,-101
67,33,708,19,-3,-96
209,252,504,68,40,-79
462,337,344,-78,90,-50
511,394,393,-194,20,-192
582,306,577,-96,54,-110
548,192,1056,-207,165,42
458,149,1646,-227,255,-36
323,327,1317,-562,243,-204
379,390,1093,-512,188,-332
485,383,1300,-593,245,-421
544,399,1435,-650,292,-444
569,437,1531,-693,272,-460
608,478,1767,-667,243,-488
655,635,1806,-683,269,-529
698,880,1628,-607,220,-532
783,1068,1675,-642,183,-481
827,1212,1729,-649,182,-400
801,1347,1707,-600,186,-333
753,1484,1728,-571,192,-294
715,1609,1771,-557,253,-241
651,1730,1853,-614,293,-192
545,1797,1876,-624,329,-156
392,1816,1885,-603,315,-126
234,1801,1894,-553,333,-96
59,1749,1944,-547,326,-53
-128,1669,1988,-532,339,-74
-298,1578,2011,-525,318,-126
-398,1478,1994,-465,293,-195
-443,1410,1966,-250,233,-268
-439,1432,1978,-145,235,-312
-425,1568,2070,-130,275,-331
-450,1647,2117,-136,298,-342
-483,1696,2146,-113,296,-330
-509,1763,2177,-100,298,-303
-470,1860,2154,-34,292,-296
-349,1975,2205,3,275,-272
-177,2083,2234,6,286,-218
13,2164,2279,12,309,-155
154,2221,2329,111,342,-91
260,2268,2431,169,385,-56
351,2299,2501,140,425,-44
409,2308,2501,423,497,-62
439,2311,2501,-133,491,6
407,2215,2501,145,469,0
307,2104,2501,107,485,17
244,2033,2501,314,498,46
125,1930,2501,231,521,86
-60,1854,2501,283,510,83
-269,1760,2335,317,505,78
-475,1654,2187,401,521,75
-678,1575,2057,531,497,80
-855,1502,1992,530,431,23
-945,1409,1767,592,394,-37
-973,1301,1560,694,379,-53
-998,1186,1414,766,355,-82
-970,1082,1306,778,343,-113
-922,980,1153,781,361,-150
-840,879,1025,813,391,-178
-753,771,928,800,418,-191
-673,665,845,813,445,-211
-603,572,805,819,457,-229
-131,-413,-45,808,606,-521
-287,-200,787,-151,-262,30
-5,69,974,-638,4,-152
-92,-178,804,-764,92,-116
-225,-350,556,-687,82,-397
-159,-589,458,-796,131,-482
-18,-712,520,-796,87,-473
212,-718,992,-1015,162,-404
343,-619,1299,-1016,211,-453
528,-468,1644,-1016,234,-491
673,-305,1857,-1016,352,-513
836,-11,2185,-1016,290,-452
1037,350,2373,-1016,242,-417
1159,614,2499,-1016,199,-433
1216,831,2501,-1016,140,-279
1208,1038,2501,-1016,76,-26
1134,1284,2501,-921,-15,19
1000,1515,2501,-789,-101,139
880,1702,2496,-665,-73,308
679,2017,2501,-620,-8,415
590,2115,2501,-693,76,304
371,2178,2501,-710,11,182
254,2128,2501,-671,-46,7
281,2095,2501,-670,-79,-89
366,2074,2458,-676,-55,-62
414,2030,2345,-558,-61,-58
383,1940,2338,-584,-47,-19
235,1839,2221,-368,-97,-44
148,1726,2304,-339,-36,52
-33,1646,2402,-233,5,125
-346,1579,2444,-103,23,171
-644,1511,2501,32,63,198
-917,1450,2501,73,55,191
-1138,1427,2501,228,60,176
-1276,1432,2501,253,74,163
-1358,1496,2501,331,61,125
-1329,1620,2501,418,77,137
-1271,1711,2501,462,156,166
-1236,1777,2501,552,154,104
-1148,1811,2501,608,202,150
-994,1831,2501,719,232,149
-905,1853,2501,760,238,147
-840,1862,2230,808,254,176
-812,1826,1981,866,277,203
-802,1747,1785,917,306,206
-809,1660,1654,952,315,174
-808,1545,1518,993,360,210
-824,1411,1431,1037,376,160
-811,1255,1379,1006,407,168
-809,1074,1290,1028,409,111
-788,876,1235,1052,421,90
-772,697,1175,1011,445,100
-759,521,1118,1022,450,55
-743,350,1063,1022,453,34
-704,200,1014,1000,480,29
-678,84,976,990,500,19
-682,-60,923,1000,505,-23
-658,-154,915,915,518,-43
-657,-200,866,914,519,-77
-625,-262,796,922,511,-116
-580,-301,721,916,521,-121
-570,-326,632,937,505,-155
-545,-324,533,953,520,-144
-500,-310,506,924,542,-138
-482,-301,434,938,537,-150
-434,-268,348,917,545,-150
-394,-240,278,906,560,-156
-360,-222,208,894,564,-155
-316,-219,146,875,580,-160
-271,-223,71,871,585,-173
-1755,-895,-2501,-595,724,114
-985,-793,-930,622,297,-387
-252,-1005,1271,-1013,309,737
-437,-995,168,-377,563,230
-252,-785,882,311,278,-250
-107,-868,1786,-495,617,1247
-636,-792,1037,-222,110,-419
-325,-409,1382,-736,103,-178
-607,-620,1061,-568,185,-104
-745,-866,949,-484,235,-86
-840,-1084,861,-414,203,-74
-970,-1165,799,-442,188,25
-1098,-1300,737,-432,175,78
-1220,-1430,779,-555,222,198
-1296,-1543,781,-610,281,193
-1336,-1784,680,-759,285,223
-1313,-1877,532,-825,291,245
-1068,-1781,545,-920,246,190
-565,-1581,912,-1022,299,588
-676,-1677,1010,-1022,304,393
-463,-1612,915,-1022,27,137
823,-875,1307,-752,-126,-217
1943,-599,2372,-844,208,1409
1577,-610,2100,-541,-160,592
1484,-729,2501,-636,-43,694
1174,-576,2501,-525,-148,741
585,-225,2110,-318,-200,764
241,193,2076,-96,-151,589
59,525,2073,-186,31,999
-159,1007,2265,447,6,468
118,1515,2501,392,152,404
346,1802,2501,463,166,215
559,1841,2501,385,251,220
511,1853,2322,471,214,278
377,1979,2211,492,220,322
185,2042,2098,354,242,366
-9,1965,1938,262,240,80
79,1840,1894,119,316,213
37,1745,1839,67,336,292
-8,1710,1840,58,347,376
-225,1637,1838,31,285,253
-239,1546,1830,84,279,177
57,1461,1962,55,250,204
234,1367,2002,88,332,333
58,1320,1906,219,332,389
-69,1298,1893,354,303,378
-188,1275,1898,446,287,284
-334,1258,1841,510,276,256
-519,1219,1736,599,285,209
-717,1212,1676,753,266,69
-869,1189,1828,873,230,59
-988,1183,1933,870,258,1
-1028,1166,1846,838,297,-170
-971,1132,1679,907,329,-228
-885,1098,1543,858,317,-196
-810,1001,1340,824,345,-219
-686,896,1077,862,370,-234
-537,816,895,909,365,-200
-443,740,756,910,377,-134
-390,639,656,885,398,-70
-414,503,546,884,406,-88
-396,368,474,847,412,-96
-372,263,456,793,412,-53
-418,152,450,744,408,-96
-400,42,475,673,410,-130
-380,-33,462,619,432,-155
-328,-102,467,563,455,-136
-301,-133,452,498,485,-116
-277,-150,413,477,504,-94
-244,-160,391,451,509,-54
-447,-34,-537,524,-108,-36
-160,49,-75,46,-505,-243
183,7,270,47,-1,77
147,5,235,-143,328,-86
138,-37,12,265,731,369
-462,-40,311,355,535,369
-814,63,754,-176,-355,-309
-225,50,156,-296,-468,-117
-15,3,-256,269,79,32
-124,-30,222,90,186,71
-242,-1,118,-418,-201,-76
21,-20,-641,57,114,-12
-138,-15,-301,375,365,229
-356,-11,173,93,66,-75
-410,22,365,-385,-310,-181
-94,6,-162,310,244,290
-374,18,195,-56,-101,81
-340,-3,191,111,-22,-105
-196,0,148,-250,-143,-44
-176,8,-254,-74,-201,-25
-127,-17,-159,250,-82,168
-160,20,231,-7,-304,-148
57,0,312,77,3,23
20,10,344,3,-33,151
-48,16,365,-41,56,-80
25,9,112,-92,-84,-145
342,-19,5,58,-545,-94
431,-15,57,-167,-450,-1046
395,14,84,-85,-249,-846
1005,3,-233,124,-131,-525
887,-12,85,-87,-80,325
546,8,70,155,-9,280
693,18,189,-270,487,480
603,43,-267,40,257,212
443,-13,238,26,67,-105
444,-11,317,-132,76,-55
592,-58,314,-155,220,231
473,-104,72,-30,13,23
322,-161,183,152,783,1612
-117,-217,548,-460,48,-243
85,-316,-117,-506,104,-373
350,-483,-298,-401,192,-315
485,-676,-37,-570,50,-172
615,-887,223,-660,-58,-185
940,-1030,368,-486,-42,-157
1200,-1000,695,-410,29,-17
1196,-824,825,-437,41,34
1191,-671,838,-369,76,112
1148,-468,759,-246,55,143
1154,-238,726,-211,92,237
1067,7,744,-309,126,254
968,190,790,-389,92,210
911,273,916,-539,35,139
923,240,995,-608,-36,84
926,189,1048,-624,-107,39
922,45,1157,-619,-170,12
916,-135,1252,-651,-170,12
827,-312,1284,-586,-107,36
710,-449,1307,-518,-72,77
543,-518,1292,-513,-79,83
419,-533,1348,-433,-20,84
301,-533,1362,-421,35,138
149,-504,1373,-429,92,155
41,-436,1443,-406,170,162
-131,-354,1559,-431,201,192
-312,-318,1670,-492,205,184
-445,-367,1609,-510,203,159
-547,-491,1688,-448,168,177
-658,-597,1717,-352,148,127
-693,-673,1744,-325,134,84
-9,-27,466,-99,-116,-424
123,0,66,-51,-16,-68
71,40,-125,134,85,187
21,9,244,1,3,48
-10,7,243,-76,-100,-85
66,-2,123,-31,-75,12
85,-17,44,-50,-49,102
73,-37,14,-96,-28,-81
99,-54,-31,37,193,396
-146,-39,13,96,175,204
-442,-45,394,2,162,-38
-451,-40,338,-77,25,26
-507,-62,161,-95,-69,16
-702,-38,-4,-77,-130,68
-1026,-47,-93,-53,-177,-19
-919,-57,-236,-2,31,1
-813,-69,-231,-47,145,136
-807,-78,-239,-110,66,109
-910,-103,-250,-82,26,111
-1030,-138,-199,-76,8,133
-1210,-195,-139,-80,-18,78
-1319,-245,-83,-86,41,58
-1400,-337,-75,-66,43,-46
-1340,-358,-21,-48,23,14
-1275,-383,-34,-47,-6,-60
-1152,-418,-18,-49,-23,-23
-1071,-443,-44,-31,-46,-89
-902,-461,-44,-27,-34,-75
-574,-467,-57,-45,-16,-37
-495,-467,-95,-57,-41,2
-445,-466,-133,-71,16,8
-372,-454,-143,-114,67,61
-362,-425,-130,-225,91,126
-330,-433,-117,-321,117,127
-241,-490,-15,-426,101,114
-146,-569,159,-516,43,95
-40,-659,387,-571,2,80
78,-728,622,-577,-31,71
140,-755,737,-611,-54,101
233,-788,913,-630,-95,88
307,-833,1017,-612,-92,110
292,-894,1083,-566,-127,84
321,-958,1156,-481,-175,70
341,-970,1235,-395,-199,63
284,-921,1234,-283,-120,39
143,-837,1187,-202,-105,107
10,-688,1156,-122,-80,109
-46,-557,1120,-30,-45,126
-113,-472,1169,70,-5,75
-134,-394,1192,104,1,66
-98,-300,1147,165,10,94
-106,-218,1065,200,57,101
-114,-175,1069,243,57,131
-87,-139,1065,233,149,126
8,-176,1024,179,127,176
47,-271,986,117,164,200
42,-385,901,29,147,194
63,-454,861,-40,169,217
79,-581,821,-103,201,231
56,-684,790,-113,180,211
186,-663,265,-130,130,168
272,-885,249,-146,114,217
209,-961,650,82,146,180
578,-1002,244,-521,150,-285
502,-1194,842,185,91,115
285,-1025,927,-234,-30,-16
273,-922,1196,349,266,535
341,-888,1218,210,-76,-41
142,-870,1575,149,158,251
-130,-845,1451,200,80,136
-211,20,-47,28,321,724
-402,-13,68,20,-5,404
-247,21,-247,-168,-134,13
-96,-46,-66,140,-102,126
3,-26,-182,-68,-86,102
101,-32,-46,64,11,212
44,2,-210,-87,-1160,-1333
909,-49,-92,57,189,-472
353,16,-134,-53,327,-235
-265,30,-99,-42,150,-49
-92,31,-238,-41,120,86
-201,30,-332,-26,-115,-87
-109,7,-377,49,-41,-34
-27,-14,-235,63,-62,56
-94,3,-285,-39,31,-70
-148,14,-295,-66,38,-58
-326,32,-468,-110,27,-50
-325,22,-700,-115,-59,-33
-217,0,-950,-170,44,5
-76,-32,-1265,-205,-41,79
29,-109,-1557,-299,41,18
-37,-227,-1629,-403,-20,1
-60,-338,-1681,-426,-94,-19
-55,-475,-1649,-478,-191,-6
-4,-659,-1541,-502,-277,0
169,-901,-1317,-506,-237,-29
118,-1133,-1022,-476,-190,-72
-13,-1322,-882,-383,-241,-16
-96,-1454,-807,-294,-269,23
-175,-1477,-775,-239,-324,78
-231,-1478,-591,-217,-273,109
-251,-1434,-380,-189,-245,135
-203,-1262,80,-173,-193,110
-164,-1090,508,-152,-226,188
-81,-908,872,-114,-169,214
-48,-690,1028,-78,-130,189
-6,-483,1034,-34,-140,160
64,-324,1036,-10,-124,147
128,-206,1028,-10,-121,133
171,-116,1007,-8,-119,137
175,-61,1000,23,-121,162
198,-21,1009,52,-94,137
138,17,991,62,-112,90
87,25,976,58,-101,77
-28,16,937,58,-105,87
-134,-14,884,31,-93,97
-260,-83,793,8,-57,119
-272,-142,683,-26,-44,160
-223,-169,590,-41,-22,170
-159,-168,449,-123,-55,197
-88,-190,455,-209,-68,209
-43,-208,462,-288,-84,217
39,-244,541,-347,-102,243
121,-287,698,-383,-151,240
185,-326,950,-406,-177,227
227,-353,1332,-336,-154,221
206,-273,1660,-275,-171,186
211,-228,1722,-214,-180,140
219,-225,1723,-136,-164,111
192,-223,1689,-54,-132,95
158,-180,1623,31,-97,70
122,-99,1560,92,-49,73
109,-51,1535,159,-5,70
84,51,1474,185,15,67
60,144,1403,225,65,81
45,226,1337,250,90,74
58,300,1260,272,121,71
74,340,1224,267,136,61
116,413,1134,245,143,65
174,468,1046,209,151,61
-179,-13,-635,-19,230,0
-300,-63,-574,-343,98,-52
-132,-231,-491,-395,35,39
-1,-333,-445,-447,36,-63
-58,-497,-379,-475,2,-28
-199,-714,-262,-415,9,30
-258,-881,-259,-420,3,46
-194,-1037,-270,-465,0,50
-216,-1221,-260,-460,-39,8
-283,-1356,-316,-427,-66,33
-314,-1452,-352,-465,-101,79
-262,-1487,-240,-454,-107,89
-236,-1456,-64,-408,-79,55
-240,-1370,115,-385,-135,126
-189,-1274,411,-353,-153,157
-120,-1142,743,-293,-119,148
-80,-951,927,-202,-88,139
-21,-735,959,-151,-73,152
49,-595,960,-114,-61,159
86,-504,949,-103,-51,151
85,-436,924,-100,-51,148
90,-406,940,-81,-46,171
111,-395,941,-86,-21,116
-35,-437,945,-60,3,136
-76,-465,940,-52,8,164
-66,-542,942,-18,31,235
96,-606,914,-33,54,197
84,-682,920,-55,42,169
-89,-756,950,-37,24,121
-239,-824,958,-39,6,146
-250,-905,928,-43,15,173
-209,-960,866,-53,27,171
-181,-989,829,-45,56,152
-170,-981,739,-66,25,177
-357,-952,669,-72,38,200
-395,-923,644,-62,43,207
-317,-899,610,-39,74,242
-280,-862,551,-47,38,236
-288,-817,536,-21,41,246
-270,-748,536,-4,46,245
-220,-660,554,4,56,254
-142,-554,586,32,82,272
-58,-438,569,36,65,278
-10,-386,565,42,83,283
46,-301,626,33,67,279
86,-210,718,58,85,277
92,-99,788,71,94,259
91,28,813,114,113,250
91,95,787,133,90,222
93,215,730,135,99,206
70,304,695,133,109,198
33,373,675,119,128,195
-2,430,669,103,137,202
-15,457,676,105,135,201
-25,508,688,98,141,179
-18,541,688,96,140,180
-17,546,698,93,147,166
-8,535,695,104,163,164
-4,513,696,97,169,170
-6,496,696,95,174,169
-10,461,709,91,167,167
-10,411,720,85,156,156
-11,349,727,85,138,155
-20,275,736,87,147,142
-34,197,727,71,160,153
-45,154,726,54,169,150
-66,66,730,52,177,145
-85,-16,721,62,179,147
-104,-94,704,62,178,154
-111,-171,697,69,189,165
-2002,113,-328,-333,126,933
-1608,-105,-1025,-614,559,-623
-1442,-496,378,-274,326,155
-1793,-543,465,-339,-23,-112
-931,-623,217,-568,-130,45
-310,-893,347,-568,-61,-50
-171,-1073,361,-528,-30,-51
-158,-1152,437,-445,-47,-4
-256,-1157,614,-330,-90,-3
-303,-1023,627,-328,-134,-26
-369,-935,738,-271,-108,56
-219,-844,812,-264,-70,111
-39,-759,867,-232,-57,110
-2,-669,881,-239,-64,113
-13,-585,944,-242,-47,128
-82,-561,1000,-265,-20,107
-214,-595,1032,-293,-10,90
-290,-681,1044,-317,3,88
-293,-785,1059,-354,-3,86
-269,-918,1078,-360,3,84
-266,-1031,1098,-360,14,79
-297,-1106,1123,-339,29,85
-324,-1165,1136,-325,23,91
-327,-1197,1181,-319,15,109
-288,-1260,1225,-294,9,95
-247,-1316,1210,-294,4,109
-207,-1329,1243,-297,7,105
-201,-1342,1262,-254,16,108
-157,-1338,1269,-241,19,117
-142,-1342,1288,-202,26,118
-154,-1343,1296,-151,42,133
-146,-1351,1300,-119,65,125
-141,-1338,1277,-83,67,152
-145,-1324,1308,-52,94,162
-139,-1343,1298,-12,101,168
-165,-1391,1249,18,114,185
-206,-1414,1228,28,123,223
-218,-1416,1198,62,152,245
-230,-1384,1155,82,159,267
-197,-1341,1116,94,174,280
-144,-1294,1065,106,182,286
-86,-1236,1046,133,195,297
-28,-1167,1033,131,207,320
22,-1099,1039,126,225,347
58,-1038,1062,117,229,361
78,-1018,1097,107,241,379
77,-983,1135,103,237,373
82,-971,1186,91,226,370
87,-972,1216,91,225,344
98,-969,1280,107,215,329
104,-950,1326,112,211,318
119,-924,1351,138,202,301
133,-897,1365,153,196,281
132,-876,1370,179,209,270
115,-858,1359,204,209,264
81,-840,1342,233,223,269
41,-818,1324,250,229,274
-8,-799,1310,261,245,278
-58,-784,1293,258,260,272
-94,-771,1273,261,267,289
-107,-779,1255,264,279,297
-119,-797,1226,266,294,313
-101,-819,1188,275,319,327
-69,-838,1140,277,324,340
-39,-837,1085,293,337,350
-14,-824,1022,289,349,371
5,-811,992,292,376,393
2,-776,948,296,384,401
-13,-749,934,287,386,413
-37,-694,914,297,392,423
-528,109,-176,-86,584,-58
-94,49,-97,-37,205,-42
-123,-18,-267,-65,21,-107
-146,-66,-101,23,-37,-35
-48,-37,-48,52,-18,36
-14,-20,-36,42,11,14
-45,1,-28,27,22,-12
-126,4,-38,-18,-11,8
-94,-22,-24,-69,-28,9
-71,-39,-11,-127,-20,22
-40,-82,16,-143,-10,15
-82,-129,12,-112,-61,-9
-242,-174,5,-175,5,48
-166,-235,76,-162,-30,77
-174,-282,21,-222,-5,16
-175,-363,67,-218,15,21
-144,-404,85,-278,43,92
-86,-499,156,-251,-34,114
-166,-570,117,-283,23,86
-83,-667,183,-251,0,120
-123,-739,174,-261,4,178
-85,-824,220,-231,-16,187
-1,-897,247,-236,-23,37
-1,-973,287,-224,-41,133
43,-1044,337,-247,-33,181
108,-1186,445,-217,-7,103
45,-1224,222,-137,-34,162
350,-1082,182,-294,-49,118
245,-1108,501,-179,-9,19
41,-1007,520,-155,-48,64
32,-1001,492,-138,-67,70
48,-992,475,-144,-61,73
84,-912,461,-133,-50,70
108,-835,493,-134,-48,78
137,-758,505,-129,-41,82
149,-680,506,-140,-31,88
139,-617,527,-144,-13,104
129,-604,564,-151,0,119
152,-643,551,-148,15,127
122,-678,534,-171,45,133
72,-730,559,-186,61,146
53,-793,561,-196,60,151
52,-824,556,-219,52,166
60,-888,567,-231,53,162
92,-944,581,-223,46,179
130,-1006,578,-209,100,128
1,-1012,574,-244,72,199
-93,-1015,583,-249,60,194
-100,-1057,623,-234,69,217
-145,-1068,633,-216,60,226
-139,-1033,653,-198,64,232
-138,-1009,710,-163,52,249
-127,-952,732,-145,65,242
-140,-899,715,-156,67,242
-174,-883,759,-140,76,247
-186,-860,801,-106,95,269
-135,-826,813,-107,111,293
-72,-810,884,-91,130,305
-56,-778,911,-73,131,303
-30,-746,953,-55,121,299
5,-684,1001,-6,123,289
54,-586,1006,32,134,282
82,-532,993,75,138,287
126,-409,943,94,140,288
175,-287,917,98,139,287
207,-160,948,135,163,286
209,-18,937,141,155,280
230,104,927,140,161,270
257,201,907,125,175,264
282,272,889,99,192,267
62,-86,-240,-168,264,-67
18,-172,185,-134,266,54
-27,-192,30,-268,68,-55
37,-288,44,-243,-4,-20
60,-369,104,-180,-1,29
45,-404,128,-152,15,36
-10,-465,203,-166,30,77
-85,-513,249,-173,-3,136
134,-582,318,-195,84,94
-1,-649,311,-218,59,61
-186,-723,364,-270,49,83
-124,-816,405,-309,60,99
-138,-912,428,-309,28,73
-137,-998,437,-281,38,58
-112,-1078,460,-263,47,88
-136,-1146,474,-252,19,96
-105,-1191,543,-218,11,99
-84,-1200,573,-195,3,110
-34,-1206,611,-170,-12,107
-38,-1183,622,-150,-13,117
-6,-1161,649,-139,0,122
13,-1128,662,-136,-1,116
5,-1071,654,-153,-13,117
39,-1015,667,-168,3,114
65,-991,680,-163,12,126
44,-922,673,-191,21,129
95,-862,755,-199,41,150
82,-822,776,-201,55,143
33,-796,818,-209,47,131
10,-781,838,-200,51,109
-28,-770,815,-212,54,114
-57,-791,727,-221,66,114
-69,-854,685,-220,84,113
-26,-928,493,-216,67,114
107,-1051,451,-217,62,123
173,-1135,329,-204,79,130
207,-1196,136,-190,55,142
223,-1289,123,-178,46,157
228,-1375,153,-183,62,181
207,-1426,171,-186,63,202
178,-1469,245,-169,69,199
130,-1490,308,-139,79,208
73,-1500,351,-132,93,239
-1,-1504,365,-110,88,275
-5,-1516,434,-107,105,296
-9,-1511,491,-106,135,329
-20,-1495,497,-113,131,346
4,-1490,582,-133,63,347
65,-1528,945,-125,91,371
95,-1515,1085,-75,128,359
128,-1422,1118,-45,96,373
170,-1341,1150,-7,82,373
195,-1272,1169,35,94,335
189,-1183,1143,82,118,332
122,-1027,1079,105,106,322
53,-883,1087,152,123,386
69,-698,1081,186,149,384
132,-535,1095,205,178,391
179,-410,1094,230,181,387
216,-319,1076,240,205,379
255,-227,1047,250,220,379
299,-116,1025,261,228,396
346,18,1012,254,235,394
376,156,1021,240,243,397
370,269,1040,222,242,372
367,342,1039,201,255,369
377,390,1027,199,262,353
378,405,1022,191,263,359
355,432,1023,193,261,346
298,441,1027,202,260,337
-98,10,236,-32,228,479
-249,26,-188,-169,-2,49
-214,-73,8,221,-247,137
-153,-19,-94,15,-332,-173
584,-52,173,-120,442,-742
162,22,60,103,454,-528
-340,24,-69,-126,125,52
-318,-21,-29,-121,47,59
-122,-66,-32,-96,50,50
-112,-79,-36,-55,45,37
-180,-93,-56,-71,38,38
-245,-127,-25,-93,46,64
-337,-156,-4,-127,51,76
-421,-197,31,-199,56,64
-490,-268,39,-274,54,77
-556,-365,72,-346,49,75
-540,-421,99,-418,97,168
-261,-565,194,-466,103,30
-314,-696,244,-484,23,23
-342,-852,341,-476,-1,31
-252,-993,399,-478,-18,28
-216,-1111,476,-465,-34,6
-217,-1179,556,-458,-42,16
-238,-1212,670,-427,-55,48
-187,-1251,766,-394,-47,48
-196,-1279,814,-348,-62,51
-195,-1284,845,-322,-67,67
-180,-1276,880,-294,-50,88
-170,-1258,897,-277,-29,101
-192,-1231,917,-266,3,128
-200,-1196,953,-261,21,125
-200,-1137,990,-263,39,158
-203,-1101,1043,-243,65,181
-175,-1091,1056,-219,64,174
-187,-1068,1063,-201,56,172
-246,-1019,1081,-178,69,186
-172,-1008,1112,-176,105,228
-81,-1052,1118,-171,133,257
-41,-1108,1114,-172,140,252
-23,-1190,1091,-161,148,257
-127,-1209,1090,-175,134,218
-183,-1229,1095,-196,135,224
-134,-1257,1111,-200,138,249
-38,-1292,1097,-204,147,250
-8,-1340,1089,-194,150,260
-24,-1382,1069,-188,146,261
-8,-1435,1066,-160,149,262
-15,-1478,1062,-147,153,268
-39,-1530,1082,-104,148,258
-96,-1584,1116,-49,156,263
-178,-1622,1104,-32,127,255
-225,-1649,1150,14,130,252
-223,-1649,1167,47,130,257
-207,-1626,1171,72,131,261
-208,-1579,1186,97,145,259
-192,-1528,1158,135,151,258
-156,-1465,1113,151,153,258
-140,-1405,1083,163,161,256
-132,-1344,1066,175,181,265
-115,-1271,1042,174,186,278
-87,-1191,1006,185,185,290
-67,-1103,969,201,196,283
-57,-1014,949,219,198,293
-40,-927,949,232,209,308
-26,-827,958,259,221,328
-17,-721,958,288,224,330
-3,-606,951,321,230,342
2,-548,943,344,232,354
17,-437,925,355,244,354
29,-338,905,377,256,387
-17,-416,795,60,58,229
15,-326,770,51,90,246
-11,-251,756,51,99,241
-47,-180,729,38,111,261
-21,-94,732,14,137,282
59,-3,763,-24,155,295
106,29,785,-44,155,267
143,71,809,-45,138,252
143,87,832,-51,141,237
196,65,856,-65,144,220
206,32,864,-78,129,200
181,9,883,-74,137,190
170,2,893,-66,129,183
146,-2,922,-59,128,183
124,-10,955,-36,137,188
105,-24,982,-11,136,188
88,-46,1006,15,140,178
73,-63,1018,50,134,169
69,-74,1025,78,135,156
66,-94,1034,95,135,150
60,-119,1034,130,130,139
45,-143,1019,159,143,135
28,-170,1006,178,155,131
8,-193,982,196,167,134
-11,-214,946,217,174,124
-8,-223,905,231,180,113
0,-226,881,233,187,111
19,-226,828,241,188,105
38,-229,777,243,194,116
52,-236,732,233,212,120
67,-243,695,225,222,144
77,-249,661,229,227,150
81,-263,651,248,238,128
28,-266,629,257,233,145
8,-276,603,269,236,134
-10,-275,584,256,246,150
-44,-269,570,258,252,159
-56,-268,561,254,252,211
-57,-252,521,250,266,141
-159,-212,538,253,262,177
-133,-173,544,266,262,189
-114,-139,530,279,265,182
-148,-113,515,283,264,172
-190,-111,504,305,250,164
-182,-111,467,324,255,166
-159,-109,403,331,258,170
-130,-107,360,341,270,176
-98,-105,321,354,276,188
-73,-90,289,361,277,192
-43,-64,257,393,287,210
-14,-41,221,393,296,207
-10,-33,205,403,303,199
-23,-20,173,398,311,209
-44,-18,140,399,316,206
-75,-20,112,393,320,216
-108,-31,81,391,323,220
-137,-48,52,374,319,239
-156,-70,28,360,319,251
-161,-95,5,334,330,257
-160,-110,-5,316,329,253
-151,-145,-27,295,327,261
-133,-181,-45,275,340,278
-116,-221,-50,267,338,271
-107,-268,-52,250,342,283
-102,-317,-47,232,347,279
-95,-366,-43,231,342,287
-80,-407,-35,238,327,275
-64,-448,-5,236,325,275
-59,-459,-33,241,320,274
-53,-471,-34,238,315,256
58,15,123,105,174,16
81,-31,-178,86,-21,-88
68,-17,50,30,70,14
37,-3,46,-49,37,76
-122,-11,34,-90,-73,91
28,23,-245,-28,5,-97
126,-4,-178,-59,199,180
-21,-58,391,213,-99,-170
-33,44,192,-13,-163,-185
-11,68,-210,-153,-270,186
143,-16,185,-26,-81,-237
232,-2,50,-17,-237,27
124,26,-269,-96,78,135
-1,14,-29,14,-29,-24
75,11,-95,1,37,6
74,21,-103,8,55,68
-73,15,-181,34,122,245
-43,16,-61,75,55,-248
108,9,-28,160,0,-35
194,14,188,136,101,138
-1,19,22,-37,267,683
-600,22,145,-64,194,442
-314,-12,63,-139,333,-160
-202,-61,-125,-129,142,-26
-172,-116,-134,-96,-6,-46
-122,-126,-225,-45,-65,-46
-64,-121,-238,-3,-18,-2
-51,-122,-201,2,7,12
-47,-123,-150,15,3,8
-64,-134,-79,16,23,27
-86,-143,-10,-6,4,27
-93,-142,-11,-20,-10,10
-107,-151,14,-56,-4,18
-109,-165,34,-69,-10,13
-99,-186,51,-85,-21,5
-103,-215,62,-71,81,-67
-127,-240,106,-154,-74,55
-261,-279,94,-141,-74,-6
-270,-329,121,-156,-26,48
-286,-386,141,-193,-9,80
-269,-458,167,-239,20,122
-277,-503,186,-274,17,119
-332,-592,218,-282,25,117
-301,-680,273,-303,27,134
-265,-788,317,-330,16,112
-201,-873,366,-330,21,111
-126,-957,449,-334,4,113
-109,-998,525,-329,-2,105
-93,-1004,619,-308,-19,96
-85,-1020,704,-293,-11,88
-93,-1084,775,-273,-37,99
-129,-1134,764,-220,-29,85
-126,-1189,745,-231,-30,78
-123,-1227,813,-218,-37,81
-84,-1243,789,-184,-6,63
-22,-1232,755,-172,-14,78
-13,-1223,686,-159,-22,80
-19,-1215,698,-131,-5,86
-14,-1154,668,-140,18,96
-2,-1083,685,-153,44,112
23,-1022,704,-166,51,103
62,-969,708,-173,31,89
89,-904,727,-188,39,89
102,-878,728,-204,52,109
124,-847,720,-241,54,119
126,-847,702,-249,61,123
125,-869,684,-269,68,135
124,-914,684,-273,93,163
118,-976,693,-280,110,183
109,-1036,714,-286,115,218
-15,36,-586,192,-208,-114
382,-82,306,20,95,71
302,-53,230,118,71,-30
201,20,89,-144,46,102
150,28,-438,72,-10,-15
142,-1,-128,329,59,-24
26,19,424,-445,36,123
103,3,-301,36,-27,-25
167,-4,-301,534,240,437
-126,63,121,584,215,588
-136,77,179,-539,163,-54
-73,43,-106,85,11,118
-47,40,-293,-152,-51,-7
105,-74,-202,-168,-13,-89
35,-138,-147,-125,31,-70
-14,-149,-166,-109,25,-8
-22,-169,-120,-54,2,18
-32,-176,-116,-49,-37,50
18,-199,-63,-46,-79,48
93,-231,24,-6,-39,-12
102,-224,4,42,38,-8
55,-212,21,26,0,26
45,-205,29,35,-24,34
64,-180,14,70,-36,36
97,-139,-8,100,-44,4
134,-52,-10,102,-35,10
144,4,4,76,3,17
138,122,36,59,19,30
80,227,71,35,31,44
48,273,92,35,29,45
9,353,120,7,34,56
1,381,166,7,31,52
0,397,159,-14,48,34
0,397,179,-77,54,44
13,346,209,-162,40,54
12,304,223,-259,13,25
-12,206,255,-308,9,23
-18,87,294,-407,-10,-5
-30,-29,346,-491,-19,-25
-38,-147,408,-549,-23,-44
-46,-255,476,-549,-12,-51
-37,-341,537,-517,-51,-64
17,-396,595,-465,-95,-67
75,-411,653,-394,-137,-29
135,-365,767,-447,-92,-105
212,-283,828,-282,19,-78
137,-196,820,-120,-30,9
111,-159,829,1,37,28
68,-76,838,28,35,25
10,25,843,103,25,38
-18,142,837,180,41,39
-40,202,834,217,72,66
-69,312,823,234,101,81
-71,398,819,238,134,140
-46,476,824,198,170,146
0,545,832,97,185,141
44,575,854,-8,165,114
71,573,867,-60,145,87
139,543,896,-85,138,63
190,482,936,-132,133,30
221,382,973,-202,124,-12
243,236,999,-276,98,-65
239,63,1014,-313,57,-94
255,-102,1011,-326,34,-137
244,-241,1022,-311,24,-110
218,-352,1029,-295,58,-135
78,-461,1063,-298,67,-59
57,-520,1082,-263,137,12
-16,-631,1103,-214,154,15
-148,-730,1100,-134,160,44
-201,-21,-92,-41,-7,1226
53,-21,-512,43,-266,483
150,-39,-4,647,-218,-46
903,58,-168,-735,332,-720
296,40,-700,-12,443,-824
-66,-78,-203,-178,72,144
-126,-54,-430,-403,44,-285
-106,-174,-119,-183,34,-105
-155,-268,57,-161,-5,-22
-78,-277,7,-65,-94,52
-51,-330,38,-52,-69,47
-24,-358,-29,-49,44,12
-74,-383,-59,-110,65,12
-23,-418,51,-102,-9,77
-61,-432,27,-132,-15,109
-94,-463,34,-145,-62,120
-86,-515,30,-210,-89,150
-31,-597,129,-221,-30,62
-32,-655,117,-233,-29,181
26,-730,169,-187,-44,72
65,-768,146,-185,-93,186
140,-754,182,-196,-52,166
186,-701,201,-189,-50,159
291,-636,278,-210,-37,176
338,-601,340,-175,-90,146
372,-557,338,-181,-67,160
400,-548,363,-176,-24,147
467,-538,365,-193,3,103
564,-542,384,-215,2,229
973,-572,398,-270,-35,260
935,-613,476,-281,44,97
761,-632,504,-340,10,139
589,-703,564,-378,33,166
658,-933,577,-474,36,-18
384,-959,592,-409,37,15
41,-972,659,-411,-5,0
4,-1024,685,-372,-9,22
13,-1004,692,-361,12,19
-35,-972,723,-320,17,26
30,-888,750,-287,1,79
112,-858,769,-221,-6,73
244,-759,781,-203,-11,82
366,-700,817,-139,-6,95
449,-674,815,-108,13,124
470,-679,797,-88,38,127
403,-676,779,-84,71,142
287,-655,790,-78,84,158
173,-623,810,-77,92,167
134,-600,812,-52,91,179
105,-535,795,-65,109,195
102,-441,806,-68,113,198
133,-321,830,-60,93,207
195,-181,863,-61,79,223
276,-50,885,-71,126,211
299,44,907,-73,162,226
281,86,935,-71,169,240
255,99,961,-71,191,249
241,99,977,-75,201,261
203,107,1018,-73,202,261
169,116,1059,-73,195,250
148,120,1108,-61,184,240
172,109,1135,-21,165,195
202,103,1161,13,168,197
250,98,1170,41,168,157
263,116,1196,76,161,132
269,125,1195,104,157,120
263,148,1196,144,154,82
174,167,1194,165,152,62
101,169,1179,204,152,63
18,141,1149,234,171,42
-957,78,65,-5,-68,-51
-727,70,63,-131,234,1271
-435,-78,258,119,-200,886
-235,-12,-411,65,-349,206
176,-6,-709,-164,-199,54
559,-80,-264,157,-821,-1128
1426,17,-258,-103,646,-1192
275,132,-4,-208,415,-1084
-350,-27,-80,-198,29,-7
-170,-111,-134,-171,-61,-148
-184,-135,-166,-146,-20,-50
-151,-190,42,-92,-26,105
-117,-231,124,-10,-24,169
-97,-243,66,-40,4,94
-146,-265,92,-83,17,40
-178,-305,86,-156,21,12
-152,-341,145,-277,-30,116
-110,-432,188,-293,-17,77
-114,-527,220,-304,11,24
-96,-616,243,-289,-13,22
-114,-660,240,-294,-59,109
-27,-782,286,-308,-3,-13
-35,-822,299,-285,-69,58
-46,-914,293,-335,-128,126
72,-1002,366,-306,-62,-15
127,-1071,415,-259,-45,-19
195,-1099,393,-292,-93,21
265,-1100,390,-301,-44,86
344,-1100,499,-291,-71,79
348,-1085,527,-282,-29,51
262,-1067,572,-263,-18,71
167,-1025,585,-262,-10,61
77,-994,630,-252,15,68
26,-975,604,-256,13,102
24,-970,640,-278,26,105
23,-978,704,-243,31,87
16,-977,703,-208,19,81
13,-973,693,-177,2,77
12,-942,682,-166,-2,77
-8,-909,679,-147,10,86
-41,-869,657,-143,23,110
-53,-828,636,-142,49,130
-45,-801,622,-142,54,174
-21,-793,629,-140,72,193
20,-801,637,-143,86,216
73,-849,676,-113,110,221
80,-883,682,-83,118,239
105,-963,675,-55,122,241
136,-1025,649,-48,124,248
128,-1088,645,-37,134,275
111,-1118,645,-33,155,274
58,-1121,650,-26,154,299
15,-1092,681,-14,146,316
22,-1037,685,-12,153,329
53,-990,684,-24,142,340
79,-954,698,-37,145,339
110,-930,710,-38,152,351
127,-920,707,-40,149,344
121,-909,702,-24,157,352
112,-898,697,-29,156,356
100,-859,700,-32,161,350
97,-813,750,-13,168,352
56,-753,828,3,158,348
20,-668,884,52,147,343
42,-568,904,82,153,338
75,-468,918,115,163,320
61,-350,929,136,168,289
58,-287,930,160,183,293
58,-165,934,182,188,290
70,-54,922,199,190,293
-663,75,115,-97,-64,1148
226,-17,-665,-640,-249,-243
889,-289,-1016,19,507,-314
-120,-288,115,-301,118,117
-403,-196,-44,-394,-12,73
-173,-265,131,-295,-12,88
-57,-430,149,-214,31,-12
-77,-547,120,-151,29,22
-129,-592,113,-158,1,102
-166,-607,175,-139,3,8
-134,-613,231,-117,45,30
-170,-638,264,-172,-20,61
-144,-682,311,-183,-20,26
-98,-732,350,-156,-16,26
-31,-776,368,-127,-52,13
38,-768,385,-87,-84,1
71,-743,400,-51,-97,18
88,-670,414,-31,-88,10
46,-582,419,-27,-95,-10
33,-506,386,-5,-93,9
7,-412,372,29,-65,47
-7,-358,364,37,-41,59
3,-270,345,46,-28,61
-22,-217,329,59,6,99
-48,-191,300,65,31,104
-76,-185,297,29,38,127
-86,-195,287,-51,41,123
-98,-239,279,-138,53,142
-115,-307,282,-178,71,142
-110,-380,307,-265,92,154
-101,-452,344,-311,89,132
-30,-518,412,-359,85,138
81,-620,480,-383,100,126
124,-736,533,-377,86,127
71,-838,554,-363,78,115
15,-878,592,-319,70,90
7,-868,661,-264,69,100
-28,-834,690,-216,45,102
-39,-780,767,-174,70,123
-11,-751,813,-121,72,139
-65,-738,822,-96,63,142
-116,-707,833,-43,63,159
-128,-650,837,-14,79,174
-154,-585,851,14,124,189
-180,-542,852,8,119,206
-149,-537,869,7,141,217
-114,-540,870,-14,139,233
-83,-535,886,-28,144,225
-29,-515,905,-37,147,220
42,-497,922,-55,150,202
74,-488,922,-45,150,199
107,-470,923,-33,151,195
126,-435,933,-7,147,189
141,-410,939,1,142,197
142,-409,928,17,147,182
145,-411,906,22,142,177
146,-405,889,30,137,170
155,-401,879,39,148,178
151,-397,872,60,152,193
142,-382,868,83,160,209
132,-361,870,82,170,223
106,-355,874,84,179,249
71,-366,880,83,189,255
39,-388,884,81,198,255
9,-424,896,76,221,260
-16,-448,906,68,225,258
-29,-504,906,77,224,258
-14,-555,877,87,234,259
1,-590,840,97,243,250
3,-617,829,115,233,218
-1108,48,48,242,-21,189
-693,61,163,61,255,1100
-90,-16,35,-46,-72,367
-130,-41,-204,63,-102,448
-83,-86,-134,12,-1039,-969
876,-50,-134,-146,879,-1891
-795,1,97,-34,395,103
-1262,-13,-69,-77,91,-93
-812,45,12,-169,-75,94
-440,-24,-395,-200,-46,158
-217,-130,-296,-138,57,134
-286,-185,-185,-118,43,137
-434,-204,-55,-159,-12,113
-530,-236,14,-218,-26,76
-587,-311,71,-279,-21,52
-597,-420,86,-333,-25,27
-516,-510,126,-369,-50,53
-334,-564,170,-378,-32,-20
-160,-670,213,-392,-80,-39
-180,-821,289,-394,-99,-54
-151,-924,353,-381,-94,-38
-108,-1032,410,-378,-93,-29
-64,-1124,451,-353,-106,-25
-30,-1207,477,-324,-85,19
-13,-1285,505,-305,-47,71
-34,-1353,499,-303,-12,99
-118,-1396,500,-327,7,139
-127,-1415,533,-375,22,159
-192,-1571,563,-335,70,118
-178,-1544,382,-417,35,197
63,-1529,394,-422,60,222
146,-1522,372,-492,53,234
92,-1470,381,-481,34,232
-33,-1466,422,-471,6,211
-162,-1445,409,-449,5,198
-238,-1411,319,-426,0,187
-249,-1389,236,-399,-31,198
-183,-1369,251,-361,-23,219
-185,-1342,319,-319,-13,233
-158,-1286,341,-269,-18,222
-247,-1257,374,-191,34,216
-328,-1205,192,-113,-13,249
-374,-1129,218,-137,-41,280
-368,-1174,358,-101,59,269
-356,-1117,257,-82,44,304
-334,-1042,222,-53,22,299
-295,-1012,205,-35,17,310
-209,-913,147,10,83,352
-185,-805,46,0,20,381
-121,-575,22,-7,4,383
18,-360,229,-12,3,436
183,-171,539,-33,31,457
274,7,875,-26,36,457
287,89,1056,25,38,446
275,255,1374,44,77,421
218,417,1427,61,70,361
187,512,1428,89,55,324
125,571,1419,108,61,299
41,624,1413,131,63,278
19,650,1411,160,66,258
-18,701,1399,190,71,229
-32,734,1397,208,74,212
16,738,1381,228,80,191
70,737,1355,240,93,184
108,734,1296,265,92,125
241,771,1273,296,120,125
198,849,1254,291,110,140
68,864,1230,298,130,133
33,852,1223,300,160,135
-58,799,1183,308,165,110
340,21,-174,10,2,12
213,-59,180,164,-120,-119
254,46,-86,34,228,452
-208,-12,42,-140,33,26
256,46,-206,-80,21,-534
160,54,-227,53,-149,126
-168,21,-67,87,-178,214
23,-2,302,-212,-93,143
125,12,-109,133,89,231
-252,63,-200,-311,89,1134
-1183,63,399,-123,543,-485
-647,20,-187,-160,-149,58
-530,-25,-315,-58,-125,166
-610,-61,-306,142,46,184
-588,-55,-126,63,144,218
-545,-3,-80,-35,138,152
-524,-42,-32,-233,104,106
-466,-158,-48,-378,97,33
-430,-288,14,-500,82,38
-389,-436,90,-532,66,0
-349,-585,203,-514,50,-26
-292,-732,310,-490,9,-34
-235,-876,409,-461,-24,-54
-184,-1008,477,-412,-55,-76
-131,-1078,531,-376,-83,-79
-95,-1066,609,-343,-76,-55
-91,-979,676,-295,-86,-64
-62,-885,725,-248,-91,-45
0,-782,751,-207,-87,-41
36,-671,761,-166,-81,-8
27,-561,778,-169,-62,-14
11,-508,781,-171,-49,2
-23,-434,781,-170,-34,9
-54,-393,800,-170,-20,18
-73,-374,778,-152,-30,25
-110,-388,753,-154,5,38
-183,-434,751,-167,27,75
-194,-475,751,-172,55,92
-165,-515,777,-201,75,102
-181,-583,796,-203,83,98
-153,-637,824,-214,90,128
-121,-698,854,-218,118,129
-71,-776,847,-214,147,156
-62,-841,843,-208,145,161
-6,-866,856,-204,134,162
37,-870,861,-220,140,156
37,-865,845,-251,145,195
-11,-868,869,-262,141,212
-74,-871,881,-258,138,218
-142,-884,932,-229,121,210
-159,-887,970,-185,100,213
-145,-862,1020,-123,82,232
-155,-809,1096,-77,85,222
-115,-748,1184,-41,88,224
-86,-684,1225,3,91,210
-62,-615,1248,57,102,207
-13,-531,1232,105,92,227
63,-424,1211,148,99,207
72,-269,1176,195,111,224
185,-93,1154,204,158,237
122,92,1149,206,175,243
98,240,1142,196,195,237
103,295,1134,184,211,220
79,380,1112,177,218,226
55,431,1084,167,230,223
80,463,1074,141,258,243
81,487,1069,122,273,256
135,502,1081,103,279,238
174,501,1082,102,278,237
192,485,1085,95,273,215
-259,143,-60,-60,131,14
-196,130,-219,-37,-73,-27
77,-82,-140,29,-203,-214
257,-65,-329,4,-38,-7
150,0,-373,-49,37,-11
-133,94,-139,11,40,91
-219,59,-53,11,73,42
-164,89,-244,2,1,143
-167,37,-188,-29,28,13
-166,29,-146,-16,16,24
-244,21,-112,-23,-19,9
-345,28,-83,-50,-27,43
-393,9,-40,-118,-20,62
-415,-41,31,-221,22,100
-413,-68,66,-334,27,86
-386,-172,141,-386,9,68
-326,-307,221,-435,-37,51
-219,-430,307,-474,-73,34
-51,-487,424,-507,-83,-9
106,-528,555,-552,-120,-40
200,-577,669,-581,-161,-90
206,-626,777,-583,-194,-106
173,-638,863,-574,-223,-98
140,-610,945,-545,-215,-88
132,-569,1038,-514,-184,-60
133,-531,1142,-471,-163,-44
104,-486,1216,-413,-147,-20
2,-440,1288,-349,-118,-1
-108,-376,1328,-268,-64,33
-204,-301,1372,-181,-14,46
-311,-248,1423,-119,20,81
-342,-236,1442,-81,72,133
-234,-246,1471,-39,124,142
-51,-263,1496,-31,142,162
106,-274,1531,-37,158,169
211,-282,1558,-52,164,198
303,-284,1594,-77,167,200
371,-270,1614,-101,169,204
389,-253,1650,-133,160,188
384,-230,1692,-136,145,166
357,-191,1721,-104,134,145
311,-152,1755,-71,164,122
260,-124,1797,-48,171,109
226,-117,1828,-13,166,109
214,-128,1833,45,144,70
226,-144,1818,104,145,46
245,-164,1785,147,160,47
273,-184,1736,199,174,36
289,-213,1671,252,204,37
289,-235,1604,288,224,37
349,-249,1522,329,264,47
349,-243,1447,358,288,60
346,-234,1409,368,339,89
323,-219,1343,373,393,130
306,-205,1281,352,464,162
220,-196,1251,322,510,200
130,-207,1245,272,528,210
17,-235,1234,242,522,207
-70,-288,1231,196,494,188
-101,-358,1210,157,452,170
-117,-428,1181,135,419,137
-90,-497,1157,115,409,130
-67,-552,1128,123,407,113
-60,-594,1091,167,402,105
-28,-613,1035,223,395,71
10,-596,964,265,390,85
1,-562,902,298,403,86
-27,-514,847,306,442,94
-58,-456,798,320,447,94
-69,-422,768,323,450,97
-1036,88,-116,-833,378,512
-951,-210,-135,-799,-36,280
-240,-576,12,-508,-20,275
84,-697,134,-386,32,131
177,-757,176,-437,89,188
196,-881,346,-457,110,199
277,-1034,470,-503,77,207
372,-1223,560,-559,45,177
408,-1433,610,-555,33,111
18,-1471,763,-568,-17,18
-237,-1436,869,-617,-63,14
-206,-1384,1010,-622,-48,-48
-157,-1336,1093,-633,-57,-52
-80,-1243,1185,-650,-29,-53
85,-1137,1267,-638,-28,-61
92,-1010,1370,-632,-48,-61
93,-912,1458,-627,-44,-50
43,-850,1532,-612,-38,-31
32,-810,1598,-647,-6,56
121,-794,1692,-655,17,95
125,-784,1775,-681,36,149
12,-784,1869,-710,35,179
-46,-789,1952,-712,31,200
-40,-807,2040,-695,20,198
-20,-827,2128,-649,10,209
-28,-806,2220,-562,13,212
-17,-755,2307,-468,14,232
58,-688,2365,-363,8,251
112,-619,2412,-246,13,267
154,-515,2432,-125,8,271
182,-356,2410,-13,45,311
163,-201,2388,85,103,342
138,-84,2389,146,154,316
114,5,2318,232,187,316
101,52,2264,282,245,293
54,149,2208,314,267,276
82,223,2160,336,294,248
104,246,2100,340,312,230
90,248,2050,324,344,222
61,212,1996,306,369,229
36,142,1959,281,373,240
31,63,1933,236,374,213
7,22,1934,195,340,177
-55,-70,1928,186,323,156
-84,-187,1929,183,312,124
-132,-308,1922,184,296,110
-124,-458,1921,202,303,105
-146,-556,1898,229,294,97
-220,-632,1866,272,280,89
-209,-692,1841,323,289,88
-254,-737,1795,363,290,80
-297,-766,1742,401,290,87
-325,-772,1686,441,300,99
-302,-771,1620,487,330,129
-345,-691,1552,520,337,153
-408,-586,1510,565,359,149
-350,-480,1452,598,377,173
-428,-360,1399,642,369,158
-425,-258,1343,679,380,168
-413,-165,1283,710,406,183
-422,-72,1223,735,427,192
-410,22,1142,756,452,201
-376,107,1067,769,461,200
-361,184,989,767,470,208
-342,239,922,753,480,225
-305,278,857,728,493,221
-282,293,793,696,501,211
-260,287,736,649,503,196
-227,264,679,623,502,189
-208,252,653,595,505,185
170,-91,540,-88,407,247
-432,-171,308,-403,75,-259
-174,-257,-52,-346,-27,-86
-71,-328,-2,-300,-32,-3
-86,-377,110,-219,-2,-55
-110,-396,165,-184,4,4
-83,-470,229,-180,-14,15
-109,-530,247,-173,-28,-12
-117,-596,257,-198,-10,-49
-302,-656,265,-235,-80,-97
-470,-713,238,-206,-103,-142
-540,-733,208,-142,-38,-132
-485,-767,173,-137,-6,-68
-477,-777,145,-98,-26,-56
-455,-744,123,-53,-15,-47
-383,-643,140,-47,-14,-25
-297,-532,152,-30,25,-1
2,-422,195,-47,62,79
85,-348,193,-59,35,107
76,-268,195,-62,29,118
67,-198,217,-94,36,159
48,-175,224,-142,65,213
3,-177,251,-205,99,252
-72,-220,286,-236,93,253
-160,-272,340,-303,84,219
-203,-331,409,-345,84,197
-232,-402,479,-376,64,187
-135,-517,554,-390,93,200
-66,-642,627,-393,91,212
11,-786,710,-380,95,228
76,-943,816,-356,87,224
73,-1091,910,-321,52,207
2,-1218,980,-283,46,197
-22,-1274,1011,-237,56,201
-35,-1376,1069,-205,64,199
-56,-1502,1118,-167,60,178
-60,-1554,1136,-140,62,156
-87,-1574,1123,-86,46,130
-121,-1550,1081,-23,50,101
-118,-1500,1051,10,71,130
-102,-1448,1007,41,95,167
-107,-1417,987,60,101,170
-91,-1388,937,77,123,179
-167,-1280,888,97,84,145
-243,-1146,830,98,88,134
-165,-1015,814,86,134,181
-63,-924,777,81,150,222
-16,-884,701,67,154,239
28,-892,665,54,149,243
56,-919,621,38,152,248
66,-955,553,28,150,265
61,-967,508,9,148,264
19,-980,442,7,143,271
12,-964,421,27,153,284
54,-937,421,34,155,303
78,-916,449,60,169,318
56,-882,512,86,185,341
34,-857,551,80,177,361
26,-796,659,84,175,347
28,-720,787,112,174,355
10,-635,874,128,168,340
-18,-575,902,148,161,321
-41,-548,903,163,170,321
-42,-533,888,176,171,312
-27,-502,859,203,174,302
-14,-451,846,225,181,306
-17,-426,847,236,195,308
-20,-370,853,243,218,312
-12,-309,843,256,219,298
-2,-245,819,256,218,294
-463,110,87,-91,-167,439
858,-34,342,-142,313,-1188
71,-8,-160,-21,148,-5
-134,-48,-293,-11,-54,-20
-68,-49,-194,-18,-83,23
-2,-1,-102,-16,9,-10
-94,-8,-28,8,71,-58
-155,-9,43,-33,0,48
-158,-15,152,10,157,12
-202,0,260,-80,45,73
-224,-60,442,-227,10,100
-145,-173,569,-349,-45,37
-196,-275,389,-345,-36,-26
-122,-363,408,-350,-3,-54
-43,-453,428,-387,-38,-107
-160,-560,460,-398,-103,-116
-140,-674,507,-400,-17,-133
-99,-781,515,-439,-44,-86
-101,-915,562,-450,-35,-67
-108,-1039,571,-403,-33,-26
-79,-1135,604,-370,-37,-4
-51,-1117,630,-349,-31,23
-39,-1052,684,-341,-8,55
-48,-993,728,-330,18,56
-217,-960,722,-337,-11,92
-261,-858,749,-309,2,87
-182,-742,794,-298,34,135
-236,-619,837,-305,41,144
-319,-523,912,-317,62,164
-319,-480,991,-304,97,158
-331,-479,1071,-301,70,141
-62,-511,1121,-311,144,187
-15,-566,1153,-315,122,216
-140,-623,1186,-289,91,200
-263,-672,1219,-272,98,171
-320,-729,1256,-261,91,146
-278,-798,1280,-238,124,152
-209,-867,1297,-241,131,162
-156,-934,1311,-228,145,156
-72,-989,1334,-230,141,142
-31,-1032,1338,-236,124,157
-75,-1064,1332,-231,126,165
-62,-1086,1355,-234,151,189
-41,-1099,1399,-234,161,216
-67,-1105,1495,-226,149,204
-91,-1125,1547,-179,150,164
-75,-1138,1542,-138,142,136
-76,-1123,1521,-99,142,137
-52,-1079,1525,-50,154,144
-46,-1008,1549,-2,151,155
-62,-964,1558,47,181,185
-78,-888,1562,97,217,203
-71,-829,1548,116,218,209
-112,-760,1531,166,223,201
-67,-682,1513,199,237,212
-39,-590,1481,230,244,215
-24,-496,1431,258,263,209
18,-402,1387,271,287,239
45,-316,1352,268,295,243
61,-234,1323,266,309,248
93,-169,1293,254,317,285
52,-97,1276,249,311,280
71,-57,1275,233,342,276
51,-41,1262,210,322,283
45,-46,1262,206,340,240
80,-62,1262,186,341,262
54,-85,1253,186,331,255
45,-111,1259,189,346,263
58,-141,1255,187,347,259
37,-182,1246,197,351,260
-491,82,17,20,-49,253
-75,60,69,-34,138,586
24,-31,40,-177,-76,222
-126,-43,-29,-364,-465,-101
-15,-117,160,124,-323,-177
176,5,18,-52,123,74
44,19,161,11,26,167
33,48,110,-8,-24,-106
-30,18,44,81,51,1
-28,3,-58,19,-51,163
-49,-21,-32,-25,-6,132
-7,-23,-55,-27,-80,-94
-63,13,-120,149,-34,62
202,5,224,-75,-553,-1049
148,-81,442,-105,622,-647
-55,8,61,-2,186,-46
-79,30,-218,-65,-5,-72
-101,0,-176,-43,-32,-18
-90,-61,-59,-12,-8,-4
-73,-50,-62,-7,-21,-6
-82,-16,-54,-48,7,2
-100,-27,40,-113,17,53
-154,-50,67,-130,7,-44
-232,-97,42,-113,-5,-60
-206,-139,48,-114,-40,-66
-138,-173,49,-148,-30,-64
-145,-216,81,-132,-26,-71
-184,-262,101,-117,-21,-52
-216,-301,111,-124,2,-29
-201,-339,155,-122,15,7
-203,-385,190,-131,19,22
-190,-429,225,-131,7,42
-194,-474,231,-127,1,44
-169,-516,256,-129,10,71
-163,-562,290,-123,10,60
-164,-571,293,-141,23,89
-127,-626,339,-161,40,71
-108,-681,365,-180,9,83
-138,-733,378,-200,16,74
-133,-789,381,-211,21,94
-143,-859,390,-232,41,131
-168,-945,423,-271,62,152
-225,-1034,496,-305,68,167
-264,-1106,549,-333,62,162
-284,-1124,615,-349,46,149
-245,-1132,714,-359,52,155
-203,-1148,770,-356,51,122
-211,-1121,770,-291,46,103
-210,-1020,725,-278,17,123
-212,-907,770,-246,13,129
-208,-786,776,-200,11,140
-190,-677,761,-154,5,136
-162,-586,759,-125,11,144
-122,-503,744,-104,26,172
-83,-458,773,-97,59,189
-79,-459,828,-94,70,195
-99,-500,865,-90,85,200
-199,-519,793,-72,101,182
-298,-547,771,-61,104,162
-324,-590,755,-79,138,159
-348,-631,715,-102,135,171
-313,-677,675,-111,140,202
-260,-735,656,-127,159,234
-185,-793,628,-138,157,253
-113,-852,643,-138,153,270
-99,-881,628,-140,147,282
-90,-917,618,-141,140,292
-37,-978,641,-140,142,292
5,-1029,641,-147,147,305
17,-1037,647,-141,120,323
718,305,-1161,-36,-180,-524
1010,-81,-86,196,-92,81
860,-57,161,598,13,174
657,64,196,-180,-179,250
256,82,-312,-247,82,67
403,-27,74,160,185,-65
207,-12,-148,64,59,179
-70,-27,163,99,-252,-272
259,45,-129,59,42,-224
-258,42,179,-33,136,1261
-349,31,245,-9,300,-34
-111,19,79,-61,82,14
7,21,-198,-48,7,-30
65,-37,-150,-21,-37,-75
123,-32,-72,-12,5,-24
134,13,-30,-42,5,39
97,10,11,-56,-5,91
-92,-24,135,-122,46,52
-325,-87,171,-187,-7,145
-256,-155,127,-216,32,10
-304,-230,161,-276,19,49
-187,-336,195,-315,31,133
-90,-396,202,-307,31,-5
-127,-494,208,-278,-7,-11
-210,-573,225,-249,-34,16
-136,-643,225,-236,-14,9
-87,-714,236,-240,-12,11
-116,-781,251,-254,-11,42
-86,-873,278,-261,-2,65
-46,-971,291,-268,17,67
-51,-1047,299,-280,4,73
-29,-1098,302,-291,-1,55
-35,-1100,350,-309,-3,49
-5,-1095,391,-318,-4,75
-21,-1078,419,-321,11,80
-28,-1069,433,-317,-3,99
-11,-1057,478,-325,2,110
-13,-1018,553,-315,-5,121
-14,-993,679,-320,-5,118
-20,-924,770,-309,2,120
-49,-871,830,-292,-1,145
-46,-833,867,-252,-10,155
-13,-790,897,-221,15,168
0,-762,905,-191,61,148
-37,-732,901,-217,50,196
-54,-720,874,-209,73,213
-72,-738,854,-213,86,229
-88,-780,860,-239,95,241
-94,-804,854,-241,98,258
-121,-859,871,-234,81,269
-144,-922,965,-201,84,251
-145,-966,1086,-169,86,253
-110,-972,1146,-136,84,256
-32,-997,1211,-100,83,256
0,-990,1237,-71,81,249
3,-997,1250,-58,81,244
33,-938,1256,-43,86,241
59,-856,1253,-35,90,233
79,-771,1264,-10,102,223
105,-693,1252,12,101,206
102,-625,1230,46,109,221
89,-557,1195,81,116,212
87,-515,1178,108,133,207
93,-417,1145,134,154,201
103,-300,1144,174,149,196
117,-168,1136,175,167,196
111,-48,1117,194,177,224
114,51,1103,187,198,237
115,129,1080,183,212,232
125,194,1068,181,214,254
167,-11,198,-27,133,-21
72,-11,202,-219,307,438
-640,84,-38,195,-150,1787
-919,12,128,-313,72,-669
-787,-131,572,-304,212,178
-828,-165,44,-367,34,92
-551,-302,21,-263,31,29
-353,-390,88,-256,22,23
-287,-470,167,-249,30,22
-213,-553,259,-253,61,95
-210,-585,291,-293,29,94
-263,-661,330,-300,-2,70
-281,-752,380,-302,-3,92
-240,-851,423,-294,5,97
-224,-891,469,-290,4,94
-188,-888,534,-272,0,101
-156,-871,614,-249,-6,104
-130,-842,655,-218,-7,104
-127,-803,697,-215,4,111
-159,-758,707,-180,2,96
-204,-689,704,-150,-16,45
-203,-591,678,-91,-20,1
-186,-487,645,-49,11,2
-171,-440,634,-36,33,21
-142,-364,620,-31,35,36
-116,-294,585,-19,55,55
-80,-243,561,-51,78,99
-74,-220,545,-89,82,124
-57,-225,548,-133,82,105
7,-265,570,-200,87,88
50,-299,577,-265,91,84
122,-383,598,-299,89,86
119,-498,628,-356,73,88
140,-640,664,-378,82,88
105,-769,683,-387,38,96
35,-887,728,-369,46,89
-18,-976,757,-317,43,96
-60,-998,791,-267,27,116
-79,-1013,829,-219,57,116
-126,-1002,868,-164,49,129
-115,-968,902,-110,52,153
-123,-898,921,-37,43,154
-112,-826,946,16,83,157
-84,-763,948,39,81,165
-45,-684,947,90,115,180
-14,-606,938,125,128,186
47,-516,925,145,138,193
76,-429,915,153,147,187
118,-338,901,130,156,194
132,-259,870,112,165,186
133,-192,849,96,176,201
129,-166,844,57,187,188
106,-124,825,39,184,179
84,-105,794,16,179,151
85,-113,764,-2,177,151
83,-140,712,5,189,155
73,-173,661,14,194,144
81,-186,648,26,198,153
79,-201,623,37,193,166
68,-198,602,43,195,169
62,-195,598,52,196,206
41,-202,623,52,210,222
13,-209,643,70,219,223
-5,-210,668,92,204,228
-16,-207,697,118,209,238
-30,-198,783,126,221,243
-57,-172,832,134,218,251
-56,-160,868,140,232,228
-34,-162,868,139,234,228
-30,-149,862,154,234,232
-900,-166,494,-408,141,68
-802,-238,253,-361,71,-94
-339,-313,-14,-307,39,-63
-22,-451,102,-316,10,17
-98,-553,85,-304,1,0
-202,-627,50,-248,19,51
-285,-683,93,-244,19,84
-238,-743,175,-271,53,120
-238,-835,266,-327,39,103
-293,-949,307,-333,15,76
-261,-1050,338,-318,26,88
-240,-1131,370,-284,18,83
-213,-1121,423,-249,-4,62
-162,-1071,505,-221,0,89
-163,-1042,569,-193,-1,91
-106,-991,575,-167,30,39
-120,-954,578,-174,4,107
-144,-815,582,-193,13,119
-109,-685,627,-235,47,130
-67,-594,691,-253,46,119
-54,-541,747,-277,52,111
-21,-524,753,-304,47,120
-7,-524,793,-325,56,143
-35,-553,849,-353,60,158
-44,-626,920,-359,69,158
-72,-722,979,-365,64,145
-79,-837,1016,-360,56,146
-60,-962,1035,-349,49,126
-3,-1068,1005,-314,44,130
49,-1183,938,-266,37,134
64,-1287,792,-205,15,148
51,-1356,646,-147,35,140
27,-1373,588,-103,2,153
-23,-1364,469,-56,38,168
-69,-1331,472,-48,43,172
-135,-1264,602,-20,48,194
-161,-1164,791,7,57,234
-162,-1036,1013,42,84,266
-166,-921,1179,72,118,273
-150,-808,1219,87,130,272
-104,-740,1216,80,131,265
-50,-696,1192,65,132,232
7,-635,1157,65,148,234
54,-548,1123,56,154,243
84,-461,1094,67,160,234
90,-418,1087,66,163,247
82,-334,1081,66,162,254
85,-252,1072,72,166,254
88,-171,1068,75,165,259
87,-84,1057,98,167,238
86,14,1033,124,167,232
81,110,1020,141,180,247
79,195,1014,174,206,263
81,234,1011,189,213,249
72,300,1018,200,213,248
102,344,1024,212,213,240
120,373,990,221,211,225
128,389,968,236,216,226
194,401,935,241,229,232
211,432,910,235,241,249
158,461,898,241,227,225
159,474,891,236,244,221
145,460,893,228,247,239
64,409,871,224,240,228
7,342,852,229,264,229
-33,292,831,224,281,235
-62,241,832,225,292,237
-87,190,837,234,288,216
-96,129,837,235,291,214
-87,90,835,245,295,211
-260,10,-165,9,-196,128
-113,0,230,17,83,494
-194,23,66,-39,-200,-93
-131,1,-15,57,-72,10
-76,4,35,-35,-57,70
-15,-16,161,-22,-6,50
-51,14,171,89,-6,132
11,59,-18,-95,-161,-138
-45,25,-84,13,-14,219
63,-17,17,46,-118,186
71,-30,-21,20,63,194
82,-9,-40,24,-4,253
-25,-23,-25,31,-71,-50
31,-22,-5,-40,-27,255
26,-14,-106,-49,-104,60
19,2,-418,-100,-96,138
120,-31,-481,-89,-13,244
130,-9,-677,-119,-60,92
219,-73,-765,-31,-115,63
337,-61,-744,175,-155,50
468,-89,60,561,-234,83
505,-31,511,561,-312,35
719,95,1023,514,-305,-82
1089,140,991,-1018,302,-1165
603,-250,-1813,-320,516,-878
205,-495,-1275,-419,284,37
23,-676,96,-378,-77,16
7,-680,200,-331,-79,-126
13,-774,55,-229,-33,48
-9,-905,165,-160,-36,103
-43,-999,193,-152,-45,155
62,-1058,140,-168,-5,116
41,-1094,163,-210,8,77
0,-1129,221,-270,-12,108
-24,-1171,245,-294,-23,137
-6,-1239,268,-295,-29,141
-2,-1269,328,-288,-35,143
19,-1260,426,-294,-23,143
3,-1252,483,-302,-16,172
-17,-1242,566,-316,-7,194
-47,-1220,629,-313,-5,175
-118,-1174,707,-302,-23,178
-148,-1074,798,-304,-11,221
-110,-996,904,-301,0,211
-82,-910,1000,-282,-11,204
-69,-869,1070,-261,-34,200
-69,-842,1113,-242,-42,199
-89,-819,1148,-217,-41,194
-48,-812,1180,-213,-21,216
79,-837,1215,-183,2,226
179,-889,1238,-163,16,234
200,-969,1251,-141,25,231
180,-1064,1259,-97,28,239
144,-1206,1220,-70,31,215
-9,-1203,1195,-27,16,186
-74,-1141,1190,-27,32,193
9,-1139,1192,-1,51,204
24,-1143,1170,31,63,204
19,-1134,1108,47,58,191
100,-1110,1056,52,62,194
170,-1057,989,49,78,198
194,-1012,970,68,95,216
199,-995,949,88,111,240
220,-945,915,104,117,246
172,-872,890,103,111,265
139,-802,893,117,122,271
102,-722,919,121,141,265
53,-635,966,138,149,273
64,-547,998,142,156,272
69,-462,1002,162,158,270
-163,99,-206,-43,91,56
-167,64,-131,-99,148,-68
-144,-41,-86,-289,29,52
-190,-115,15,-308,-116,65
-435,-165,-127,-319,-26,77
-432,-237,141,-255,68,62
-493,-331,284,-361,51,103
-434,-467,332,-392,5,-79
-421,-600,315,-380,-35,31
-420,-710,304,-360,-46,-133
-356,-809,331,-354,-32,-79
-247,-871,358,-346,-48,5
-266,-889,366,-320,-59,-68
-156,-847,426,-320,-76,-43
-119,-768,454,-313,-52,-9
-31,-689,510,-317,-36,59
43,-622,569,-294,-8,46
86,-538,615,-269,-22,-66
227,-429,661,-273,-49,15
220,-328,689,-271,-37,-33
339,-253,723,-263,-17,33
402,-220,766,-261,-37,33
359,-224,776,-251,-41,23
266,-264,746,-241,-28,51
190,-353,724,-229,-15,45
55,-438,676,-215,-11,63
-19,-509,646,-202,3,88
-99,-558,608,-168,14,105
-150,-580,563,-130,17,131
-125,-577,560,-115,47,166
-56,-559,614,-122,74,198
9,-529,708,-120,80,228
60,-501,879,-136,91,243
83,-476,968,-128,112,243
109,-410,1080,-126,124,237
130,-350,1121,-108,111,219
122,-317,1170,-112,104,186
97,-288,1201,-106,97,149
86,-268,1217,-108,76,133
63,-265,1232,-87,87,110
43,-269,1220,-66,77,94
37,-277,1212,-40,65,66
53,-283,1193,11,52,44
81,-279,1148,58,58,31
92,-280,1138,82,92,46
103,-266,1095,95,102,63
97,-243,1079,129,117,68
91,-233,1066,156,138,57
119,-217,1033,159,157,104
85,-213,993,168,161,96
139,-207,965,173,192,106
118,-163,942,167,188,125
141,-111,918,192,204,116
108,-44,903,205,194,101
113,-27,901,209,213,112
131,-35,871,207,224,111
48,-71,816,212,231,121
45,-106,756,212,232,137
42,-130,727,219,256,161
18,-148,706,221,250,168
12,-169,696,216,262,178
18,-203,672,223,271,177
13,-221,666,224,270,183
29,-256,640,223,272,178
30,-288,623,225,273,181
0,-314,621,233,270,173
-27,-342,632,244,275,163
-53,-372,615,258,273,167
-81,-407,609,272,276,171
-105,-436,591,280,285,175
174,-12,234,-395,36,208
71,16,-42,195,118,114
17,34,-12,-229,-33,221
-11,-36,62,-24,20,227
71,13,102,26,-43,-87
-282,42,64,216,425,1605
-1148,144,176,-114,26,94
-760,82,202,-93,271,-356
-703,-9,-47,-117,78,-60
-660,-60,2,-259,-72,-136
-431,-176,64,-275,5,-5
-229,-188,-173,-208,13,41
-284,-192,-17,-165,13,14
-253,-246,112,-146,10,57
-201,-302,160,-199,-11,56
-177,-375,183,-233,-13,11
-151,-448,198,-255,-11,24
-133,-527,204,-263,-17,44
-131,-605,230,-261,-14,61
-144,-676,267,-245,-7,53
-142,-731,268,-207,-13,55
-138,-768,287,-192,-18,69
-131,-757,328,-200,-10,74
-105,-714,348,-191,-16,80
-73,-663,390,-213,-22,73
-34,-628,419,-249,-10,57
-12,-600,410,-270,-18,59
13,-585,407,-289,-4,69
28,-558,416,-313,6,82
12,-547,445,-327,9,82
-9,-560,506,-359,5,95
-28,-601,585,-381,1,97
-34,-668,672,-390,0,102
-33,-708,715,-384,-4,105
-35,-785,787,-361,-17,117
-46,-857,861,-297,-6,138
-65,-913,898,-270,-14,119
-72,-961,922,-227,-10,113
-64,-984,883,-177,-15,109
-53,-1004,853,-126,5,102
-60,-1010,852,-106,15,116
-60,-1003,840,-78,26,137
-58,-972,839,-45,57,154
-76,-956,853,-23,82,170
-81,-949,847,-13,99,197
-58,-953,826,-11,126,204
-40,-977,807,-26,130,204
-22,-999,805,-37,136,209
36,-1015,829,-60,129,204
84,-1027,813,-66,123,210
143,-1041,809,-69,121,211
169,-1045,780,-67,203,202
166,-992,471,-17,64,196
182,-980,374,-19,76,182
173,-977,349,-29,71,193
137,-961,411,-17,96,231
111,-905,413,-8,78,232
74,-845,454,33,93,252
47,-812,443,44,95,225
40,-783,520,67,105,251
32,-738,634,100,107,251
48,-651,748,141,103,274
58,-514,881,154,128,277
61,-326,944,184,139,280
56,-146,972,189,144,267
39,-62,979,187,155,260
52,66,968,172,169,263
40,165,936,167,167,264
14,249,901,181,171,258
3,344,885,194,188,249
-879,43,124,-199,212,225
-1149,98,432,-172,360,25
-960,31,-51,-484,-30,-149
-612,-180,41,-556,-78,-226
-278,-322,-122,-330,-5,-67
-48,-403,56,-274,88,67
-44,-463,269,-280,67,86
-133,-538,408,-294,10,83
-235,-637,494,-301,-34,20
-238,-744,522,-324,-41,6
-236,-853,514,-348,-8,-2
-219,-949,471,-330,-15,29
-191,-1010,468,-269,-26,38
-172,-966,499,-192,-28,66
-169,-877,538,-157,3,126
-184,-793,558,-128,10,170
-216,-696,627,-115,-7,155
-230,-653,636,-81,10,156
-231,-540,666,-40,28,131
-222,-393,683,-29,51,145
-200,-256,706,-26,51,155
-181,-186,716,-13,64,151
-164,-161,702,-11,56,125
-127,-174,698,-32,78,139
-99,-204,705,-85,89,162
-86,-283,729,-139,127,152
-50,-388,761,-214,127,136
-67,-520,793,-272,108,124
-80,-663,833,-319,98,102
-110,-788,856,-352,97,77
-98,-892,868,-357,86,79
-65,-994,913,-347,90,78
-48,-1029,928,-322,62,76
-54,-1103,975,-284,43,74
-63,-1143,1015,-261,45,90
-124,-1145,1048,-198,31,87
-158,-1133,1103,-144,31,106
-179,-1109,1145,-84,58,130
-198,-1080,1148,-32,80,158
-206,-1044,1139,5,99,184
-181,-1015,1096,37,107,183
-140,-1002,1081,62,132,195
-114,-982,1036,108,157,207
-85,-972,1002,108,178,218
-53,-955,922,103,188,256
-36,-941,875,106,191,252
-13,-914,851,92,212,243
17,-877,817,98,210,241
17,-818,772,64,177,216
65,-769,784,67,202,210
120,-711,741,67,214,213
142,-680,721,77,212,207
169,-624,679,88,221,208
180,-550,611,96,219,217
190,-475,572,118,185,203
192,-396,567,129,204,202
173,-333,525,154,203,231
135,-286,494,158,203,233
111,-255,500,174,223,237
94,-226,465,171,211,235
98,-228,475,183,220,250
101,-226,478,177,219,254
101,-211,446,201,222,264
112,-212,527,209,220,260
127,-203,610,210,218,272
134,-201,686,225,248,292
100,-191,681,246,249,282
86,-198,661,252,258,271
92,-216,644,257,280,304
58,-229,630,259,286,286
30,-498,680,29,137,210
60,-437,675,41,139,217
100,-352,670,68,151,219
144,-243,666,90,157,238
149,-130,670,113,164,225
154,-28,666,132,164,235
142,61,648,144,172,225
119,134,628,152,187,215
98,166,613,164,195,216
57,223,590,162,205,229
45,269,570,156,227,252
54,297,569,138,242,269
69,315,564,107,244,275
97,323,561,90,252,271
116,323,565,68,253,263
158,316,572,64,256,255
179,291,579,62,243,245
217,264,582,64,240,242
182,232,585,77,235,237
161,190,588,92,233,235
141,169,590,99,234,214
112,125,587,102,237,215
76,79,584,106,240,213
43,33,589,111,243,208
29,-13,587,131,252,205
7,-71,578,156,251,191
7,-100,573,171,251,187
3,-155,548,182,257,186
47,-201,523,192,271,207
82,-232,503,203,276,196
101,-239,480,212,284,205
121,-217,467,220,290,222
67,-190,457,229,290,212
48,-175,437,228,292,208
7,-171,428,225,299,204
-64,-176,414,232,299,206
-119,-198,396,239,298,205
-153,-222,374,240,300,214
-172,-237,354,247,309,214
-139,-245,331,247,314,236
-104,-257,311,239,316,227
-71,-266,294,232,317,231
-36,-278,271,227,321,241
-19,-288,251,227,322,236
-12,-295,232,224,324,230
-20,-298,210,229,318,227
-37,-302,194,228,321,223
-56,-306,176,230,322,229
-78,-306,154,238,325,227
-87,-307,145,237,328,242
-104,-316,131,232,331,240
-116,-322,123,235,324,239
-118,-327,111,228,322,251
-106,-329,102,229,329,245
-96,-335,94,227,322,255
-83,-338,84,232,323,252
-71,-338,76,229,328,253
-66,-343,67,237,330,246
-68,-338,50,252,316,238
-69,-320,34,267,316,247
-83,-304,24,265,328,247
-90,-298,19,267,335,255
-106,-285,11,270,334,251
-116,-274,2,273,329,259
-119,-262,-10,276,327,261
-118,-248,-21,274,329,264
-112,-229,-31,270,334,253
-100,-212,-43,271,329,250
-84,-202,-52,274,322,256
-71,-188,-65,271,313,248