-63,-52,-675,88,-270,15
117,-141,-541,-817,-205,-135
59,-256,-607,32,161,148
-70,-128,-510,162,-270,88
106,24,-51,190,-160,228
187,94,232,25,-82,144
154,119,177,-80,-158,50
102,86,-16,19,-152,52
77,11,14,14,-79,235
-33,-37,-9,-19,-31,136
-66,-70,-27,12,-100,77
-54,-92,-3,-56,-168,38
-67,-80,-146,-73,-161,28
-76,-109,-218,24,-48,313
-257,-266,-144,-173,-152,561
-194,-297,-908,22,-678,202
371,-299,-826,356,-233,83
544,-145,-301,-156,-227,-332
501,-207,-362,293,67,313
258,0,-426,488,-3,182
226,181,109,297,-190,405
72,294,-539,-655,-942,-316
610,299,-1629,1014,-529,-130
1082,433,-169,70,-46,-227
1004,109,767,-893,663,361
33,-136,-224,-16,495,347
-400,-131,-172,226,-818,-683
317,136,680,515,-534,-425
662,298,1299,-105,-65,103
478,327,1017,-54,-76,7
412,373,919,166,-252,-61
500,407,1061,49,-209,10
573,372,1078,-104,-195,-23
543,295,893,-456,325,465
164,153,570,21,-292,-44
213,119,673,-38,-236,-27
263,30,806,-36,-152,134
104,-48,771,-66,-109,67
-16,-190,961,-111,-128,119
-214,-240,1125,-212,-3,250
-407,-228,999,-172,-268,-32
-440,-289,1057,-146,-70,188
-424,-179,998,-191,-335,-48
-527,-200,966,-185,-323,-61
-647,-214,895,-194,-202,-16
-679,-233,712,-226,-144,-71
-730,-229,420,-304,-70,-44
-954,-235,274,-283,58,-57
-983,-239,203,-258,51,-61
-1011,-231,194,-249,-3,-111
-1067,-231,244,-265,-64,-137
-981,-248,258,-226,-164,-186
-996,-270,345,-242,-190,-132
-927,-307,302,-212,-69,-224
-799,-292,159,-275,-238,-198
-810,-320,150,-257,-265,-132
-847,-345,100,-246,-257,-164
-908,-340,46,-226,-226,-174
-863,-271,5,-245,-181,-236
-904,-244,-20,-256,-119,-236
-888,-185,-16,-234,-70,-233
-881,-150,-16,-223,-37,-234
-823,-55,-47,-208,-35,-227
-812,0,-89,-214,-25,-241
-814,2,-118,-217,-12,-287
-874,-89,-151,-213,-53,-105
-821,-132,-231,-242,-39,-218
-845,-189,-190,-245,-73,-184
-927,-197,-96,-168,-134,-172
-883,-134,-99,-113,-195,-121
-1057,-113,-1246,-84,-108,78
-664,32,-1107,-39,-149,-37
-862,-246,-373,-277,-183,369
-361,9,-478,130,-184,169
-304,-113,-344,-27,28,-52
-285,-93,-137,7,-179,-159
-181,-69,-154,-62,-261,-243
-197,-122,-210,-90,-126,-228
-231,-166,-139,-38,-275,100
105,-95,-128,-20,-61,-11
130,-145,-36,-59,-240,148
212,-148,114,-106,-138,-58
18,-190,231,-65,-187,-113
-45,-89,124,-16,-108,178
-49,-82,199,58,-60,7
-179,-89,287,-16,-124,108
-245,-148,408,0,-145,28
-283,-162,430,-22,-208,-9
-133,-186,416,-22,-177,43
5,-214,433,-17,-158,50
58,-226,409,4,-158,-53
59,-223,376,2,-192,-75
79,-228,326,26,-187,-112
64,-222,304,43,-181,-117
21,-223,296,45,-173,-130
-2,-212,302,32,-139,-205
-118,-190,295,-24,-101,-249
-225,-161,274,-5,-189,-211
-96,-197,395,-10,-86,8
-70,-173,485,-73,-26,-63
-69,-167,509,-92,-51,-131
-12,-201,520,-151,-40,6
0,-215,494,-123,11,-13
28,-210,491,-148,78,47
81,-277,488,-143,84,31
56,-316,481,-199,113,-24
76,-354,491,-200,143,-33
-3,-384,481,-242,127,-48
12,-445,508,-246,167,-67
-8,-453,525,-259,191,-70
-110,-505,544,-282,244,-289
-312,-571,456,-321,179,-58
-400,-639,481,-275,234,-2
-681,-694,477,-316,242,14
-1044,-750,432,-350,144,70
-1164,-750,482,-248,145,-93
-1263,-736,445,-287,71,-193
-1225,-716,364,-235,52,-244
-1173,-690,339,-168,45,-219
-1052,-643,346,-116,46,-182
-956,-595,347,-103,58,-158
-906,-559,333,-81,63,-154
-869,-513,322,-76,83,-119
-829,-478,337,-82,114,-100
-813,-474,324,-96,167,-116
-855,-474,293,-95,215,-140
-941,-466,256,-89,245,-152
-1003,-469,233,-66,280,-172
-1046,-456,224,-68,317,-182
-1079,-439,198,-50,336,-164
-1119,-406,189,-36,340,-176
-1175,-375,178,-27,347,-210
-1211,-340,145,51,305,-195
-1238,-298,127,102,266,-184
-1252,-247,98,150,226,-189
-1275,-195,66,216,164,-169
-1289,-145,37,264,96,-181
-1340,-77,-7,321,41,-162
-1424,-17,-66,367,-6,-115
-1538,35,-109,424,-69,-85
105,-19,29,58,-398,-163
146,-57,182,21,240,-347
-294,-25,75,115,-680,-1007
306,25,-65,3,-150,-353
392,65,-153,-271,86,-95
519,-50,58,-242,706,988
-490,-12,105,321,208,193
-262,-27,266,-230,327,656
-420,-62,261,-37,14,-83
-378,-33,402,-34,22,-43
-241,-25,606,-29,22,-224
40,-36,680,-67,49,126
110,-65,717,-23,-23,-160
97,-26,714,-50,-35,29
117,-1,643,37,-19,-416
315,-55,719,1,-42,-87
451,13,859,-192,73,-3
445,-67,810,157,-21,-208
334,-28,939,-13,-53,-415
646,-35,1181,-161,27,-151
628,-2,1218,-175,17,-207
592,-6,1184,-385,-81,-352
540,75,812,-452,-58,-248
449,14,651,-243,-7,-507
390,68,542,-386,-18,-323
362,-58,572,-383,41,-299
304,-112,562,-135,73,-634
284,-240,814,-269,40,-397
280,-23,799,-329,116,-293
243,184,764,-338,159,-237
118,253,725,-325,189,-290
-184,431,509,-563,158,-110
-185,-63,457,-403,313,-71
-477,-318,376,-246,160,-286
-499,-303,396,-156,187,-243
-244,51,557,-158,229,-358
-87,364,649,-338,271,-69
-254,404,504,-225,224,-263
-91,274,586,-158,245,-232
-155,228,549,-179,260,-190
-341,134,387,-89,218,-105
-417,112,349,-138,222,-261
-517,114,227,-54,234,-239
-557,216,165,-87,212,-272
-602,280,66,-38,207,-364
-622,300,1,-8,192,-389
-593,298,-34,-3,190,-387
-596,313,-77,10,200,-465
-606,303,-108,10,156,-340
-611,325,-145,73,189,-335
-628,348,-116,44,167,-316
-646,419,-118,39,162,-331
-677,418,-159,52,163,-318
-729,370,-183,65,155,-311
-782,344,-202,61,152,-303
-843,339,-242,103,145,-271
-899,334,-230,115,157,-262
-959,330,-220,88,164,-218
-1039,316,-271,116,181,-199
-1114,305,-308,128,213,-187
-1162,306,-316,115,240,-113
-1242,305,-360,126,258,-114
-1339,275,-409,144,265,-97
-1371,251,-447,158,271,-121
-1356,235,-473,159,261,-123
-1321,225,-491,167,268,-127
-1276,203,-494,190,242,-121
-1224,180,-465,192,220,-129
-1194,144,-455,191,244,-88
-1194,98,-446,204,246,-95
-707,-196,-779,1056,528,-294
-543,-17,1225,-1018,-571,-153
-579,13,240,491,509,-447
-799,38,-158,96,339,-20
-836,-80,-116,424,-12,-250
-497,-53,-431,-151,-87,-79
-660,-146,109,-1018,-81,-322
-863,-89,149,-425,-21,-362
-411,-124,-97,-1018,-678,-135
617,-366,-577,980,407,-149
459,-227,-766,212,-374,16
276,-96,0,-250,524,280
-386,39,-541,39,-228,28
-452,105,-138,-182,443,206
-1930,381,1065,-457,1093,340
-2501,176,1771,-905,1830,563
-2501,-402,2501,-547,986,-119
-2501,-542,2501,-668,240,-856
-2501,-676,2495,-442,1051,-197
-2501,-1115,2501,-1018,1035,-304
-2501,-1313,1304,-882,-66,-581
-2501,-1606,393,-211,112,-433
-2501,-1479,960,254,347,-178
-2501,-1214,1489,-211,189,-111
-2300,-1027,1514,-143,34,-105
-1983,-901,1482,-256,67,-92
-1705,-745,1345,-124,114,-60
-1499,-636,1296,-95,165,23
-1360,-545,1224,-90,209,83
-1309,-500,1165,-10,192,85
-1272,-446,1104,46,207,60
-1249,-400,1051,1,221,42
-1257,-405,945,100,211,12
-1247,-405,903,97,212,12
-1244,-419,851,141,217,18
-1259,-432,791,191,255,12
-1301,-435,725,290,241,-58
-1304,-436,706,315,286,-100
-1320,-411,617,374,357,-136
-1378,-377,559,400,420,-171
-1453,-346,475,454,416,-227
-1507,-305,434,449,453,-228
-1567,-254,360,462,478,-215
-1679,-171,329,465,463,-211
-1745,-109,318,425,443,-186
-1800,-52,275,442,396,-188
-1854,5,274,459,335,-152
-1900,59,290,482,198,-114
-1873,115,276,508,71,-97
-1808,165,243,522,35,-61
-1791,190,218,561,-45,-49
-1746,239,173,571,-123,-27
-1670,278,131,574,-169,-40
-1576,311,24,614,-129,-34
-1536,338,-84,636,-182,-2
-1518,356,-111,680,-283,-45
-1408,393,-247,761,-279,-49
-1277,458,-280,756,-242,-76
-1125,560,-357,716,-190,-44
-1054,609,-377,509,-237,129
-933,617,-545,503,-314,83
-782,628,-609,516,-197,-107
-731,651,-721,514,-197,-239
-663,670,-724,465,-216,-152
-576,699,-699,249,-210,61
-523,705,-745,60,-131,230
-519,656,-769,-98,-101,379
-421,570,-727,157,-508,211
-51,700,-948,120,-330,283
64,728,-789,100,-70,163
437,175,-1187,-209,217,232
513,58,-639,-132,-122,31
602,-57,-49,-182,342,232
170,-63,236,-401,528,340
-344,-254,332,-708,323,325
-654,-410,-277,-695,68,125
-550,-559,-573,-471,-40,32
-358,-615,-554,-336,221,97
-370,-656,-329,-480,320,102
-436,-757,-309,-583,356,16
-515,-873,-387,-573,515,83
-757,-971,-459,-501,568,82
-962,-1061,-430,-467,471,-12
-1241,-1172,-501,-419,725,86
-1528,-990,-1100,-1018,-1728,-1878
-517,-1413,11,-720,1098,334
-2198,-1231,81,-107,-141,-481
-1359,-1174,77,-285,82,-372
-1173,-1194,-202,15,396,-176
-1306,-1062,-20,192,338,-116
-1453,-944,147,46,199,-133
-1436,-883,102,112,125,-211
-1403,-788,145,143,241,-146
-1498,-718,207,105,190,-146
-1498,-673,237,181,106,-225
-1391,-600,351,162,173,-203
-1398,-547,409,118,261,-148
-1473,-517,447,99,241,-127
-1535,-495,454,144,183,-133
-1547,-457,516,209,142,-123
-1566,-404,579,221,73,-77
-1606,-363,565,249,21,-89
-1594,-305,564,286,-39,-84
-1579,-250,550,326,-97,-76
-1563,-194,525,371,-170,-64
-1527,-143,506,439,-274,-71
-1462,-75,507,418,-287,-47
-1406,-41,482,442,-285,-60
-1370,-4,424,456,-266,-68
-1328,43,438,391,-249,-55
-1302,69,415,392,-243,-82
-1276,93,358,416,-209,-102
-1244,126,342,412,-182,-98
-1216,181,351,402,-149,-112
-1205,233,353,396,-134,-88
-1226,283,340,425,-131,-87
-1258,334,325,456,-160,-110
-1258,427,345,463,-193,-132
-1215,490,356,464,-210,-141
-1146,547,368,442,-242,-129
-1070,587,341,421,-237,-118
-1016,643,312,449,-227,-108
-975,711,350,414,-262,-122
-888,776,360,334,-247,-49
-841,823,269,265,-269,-30
-767,870,138,197,-301,-37
-638,895,2,113,-267,-28
-510,904,-99,66,-235,-5
-451,902,-112,1,-199,56
-347,885,-111,-56,-141,123
-278,852,-89,-132,-83,163
-258,793,-99,-158,-75,151
-250,732,-114,-162,-66,151
-237,669,-101,-189,-53,144
-237,604,-114,-187,-43,132
-248,541,-139,-180,-42,96
-239,484,-147,-194,-42,72
-241,336,-614,-1018,291,514
-419,-446,-2501,-451,-567,-6
527,-887,-2501,-123,165,147
-2501,-442,-2501,1769,265,171
-1975,-23,-2126,2036,-323,183
-1298,211,1479,-784,-124,-16
-837,146,547,-949,179,-99
-746,-287,13,-667,297,-25
-870,-683,-530,-519,238,48
-1000,-914,-903,-198,85,16
-861,-1029,-383,1325,-1385,-836
898,-739,1001,-230,1094,508
784,-741,517,-263,823,141
-249,-783,699,-479,512,4
-578,-759,726,-1018,-132,-197
-374,-875,-351,7,1170,413
-974,-945,216,-472,755,331
-1649,-891,63,-477,392,119
-1820,-963,-261,-1018,-1979,-1878
1633,-1062,-2501,160,600,-291
540,-865,-2228,1326,2020,1165
-2501,-1210,2295,1446,2020,2121
-2501,391,-457,-1018,-1979,-1878
-2501,-1234,2501,-915,170,-329
-2501,-932,559,-367,-776,-803
-1854,-1088,-39,-253,281,-163
-1910,-1155,-259,180,421,-95
-2144,-1043,-27,168,690,58
-2501,-1064,246,59,346,-198
-2501,-931,158,416,355,-237
-2501,-619,200,554,266,-261
-2501,-452,66,405,-198,-487
-2501,-300,-479,663,-68,-394
-2482,-54,-907,598,-15,-297
-2500,147,-854,604,-169,-277
-2298,176,-455,644,-454,-279
-2167,476,-751,732,-340,-250
-2017,545,-622,453,-474,-232
-1811,609,-481,507,-590,-250
-1646,739,-566,576,-474,-142
-1640,830,-255,486,-439,-107
-1653,863,-146,316,-449,-120
-1544,862,-64,363,-594,-228
-1314,855,114,383,-447,-193
-1190,867,259,276,-345,37
-1197,817,562,66,-378,177
-1289,769,574,7,-482,87
-1247,625,522,22,-435,105
-1256,548,383,111,-362,-126
-1171,494,320,66,-231,-173
-1084,442,412,87,-221,-261
-1019,471,339,72,-145,-125
-910,469,530,-77,-70,80
-939,487,522,-142,-115,114
-962,480,252,-93,-306,-38
-782,431,67,-98,-366,-114
-566,393,-148,-35,-251,-108
-93,-180,-1022,-1018,-846,-614
455,-911,-2501,250,798,865
-231,-1437,-1170,1269,-1596,-858
957,-899,-834,-607,-120,-220
1083,-1247,-1750,-319,149,-235
896,-1151,-2450,-6,-312,-183
1087,-1104,-1694,133,-231,0
1051,-751,-1799,99,-121,117
845,-448,-1768,96,-210,188
778,-341,-1943,51,-239,118
813,-319,-1646,-37,-150,80
631,-248,-1493,-213,-220,51
491,-339,-1325,133,-203,58
500,-237,-1176,-110,-271,22
449,-138,-1272,16,-233,96
345,-83,-1169,-13,-267,93
798,52,176,-18,206,-46
804,-10,-368,79,-524,-354
1034,-51,16,278,-674,-358
1189,2,353,-28,-38,-267
875,118,121,-87,234,-47
668,151,239,-60,-22,-283
655,157,271,-238,-209,-373
802,118,-72,246,-105,-379
1101,149,165,-88,-8,-257
1145,142,89,102,395,-79
-145,190,364,414,1362,480
-1654,-8,806,-778,-1979,-832
-94,-107,1533,-495,-412,-431
-220,-133,540,-85,2020,402
-1780,-201,1372,1053,-1087,-712
-586,169,1004,-1018,-715,-577
-14,-162,1122,120,208,-317
-234,54,547,143,676,-162
-653,71,958,-982,-198,-506
-638,-111,660,-256,44,-335
-640,-90,489,123,40,-280
-793,-28,1329,45,477,-261
-569,189,123,-938,-293,-494
-466,-252,1041,174,1137,50
-1134,-89,1322,-375,609,-48
-1329,47,905,-448,125,-158
-1112,-3,741,-578,-190,-307
-799,-124,536,-453,112,-216
-710,-137,332,-286,315,-171
-743,-121,364,-205,391,-159
-773,-73,338,-270,192,-227
-512,-39,27,-461,29,-383
-257,-150,45,-434,405,-165
-464,-324,143,-724,654,-1
-1062,-589,-270,-832,1199,137
-1571,-607,-1320,-162,191,-172
-1367,-646,-588,292,323,-332
-1334,-642,106,-69,732,-40
-1625,-596,-144,-50,644,-99
-2004,-574,254,-49,496,-128
-2147,-514,10,10,302,-303
-2121,-435,-54,-193,123,-200
-2146,-696,1053,553,2020,382
-2501,-840,2501,630,2020,693
-2501,258,2239,460,1614,-384
-2501,464,2501,333,240,-992
-2501,415,2501,-627,-327,-1006
-2501,319,2270,-907,-552,-861
-2501,111,848,-521,-730,-745
-2501,-134,245,132,-686,-588
-2501,-189,-145,460,-405,-428
-2501,-146,-64,611,3,-222
-2501,-74,124,678,296,-104
-2501,17,254,767,344,-66
-2501,136,403,877,89,-118
-2501,210,472,934,-315,-230
-2501,443,671,920,-716,-319
-2501,599,681,879,-986,-385
-2484,744,628,819,-1124,-416
-1885,874,477,705,-1019,-356
-1392,948,302,609,-790,-313
-1052,999,46,602,-480,-255
-922,1020,-102,590,-189,-223
-919,1059,-165,567,60,-188
-1055,1097,-125,492,306,-191
-1330,1127,-120,394,479,-339
-1693,1118,-187,317,474,-430
-1980,1107,-220,177,256,-74
-2187,1077,-209,76,154,41
-2331,1020,-255,18,51,102
-1173,42,0,-365,-873,486
-776,-93,469,-414,-267,155
-177,-246,1395,-1018,760,373
-786,-274,1219,-130,-185,-641
-612,-331,1444,-135,-96,18
-559,-474,1672,-248,-142,115
-665,-591,1728,76,368,-540
-203,-506,2285,-227,1257,-297
1054,-12,-2005,-283,1089,944
778,-368,-1704,-644,733,321
366,-471,-2349,-325,515,-63
271,-561,-2501,-110,490,-86
236,-738,-2501,356,597,-112
29,-714,-1178,782,880,61
-560,-540,196,-7,616,-58
-845,-543,323,-361,223,-315
-728,-647,89,-336,291,-309
-745,-673,-153,-168,518,-182
-957,-643,-161,-148,566,-122
-1138,-621,-45,-222,464,-182
-1207,-613,-13,-279,444,-161
-1259,-644,27,-212,367,-140
-1263,-649,112,-176,322,-118
-1260,-647,183,-195,293,-48
-1286,-650,195,-181,239,-6
-1301,-659,239,-157,221,21
-1333,-654,231,-79,165,24
-1339,-634,254,-66,137,29
-1316,-603,259,-73,155,23
-1298,-584,218,-56,196,30
-1307,-569,173,-52,250,33
-1366,-565,142,-47,265,29
-1445,-563,118,-31,327,0
-1551,-568,108,17,372,-49
-1660,-578,133,61,393,-83
-1750,-571,162,104,381,-85
-1802,-552,217,147,339,-102
-1827,-523,265,169,311,-65
-1863,-492,260,207,289,-73
-1930,-428,230,337,312,-121
-2006,-330,292,419,267,-160
-2054,-224,337,470,116,-190
-2018,-119,354,546,58,-251
-1945,5,387,627,16,-247
-1855,152,506,614,3,-239
-1769,283,575,611,-89,-270
-1640,408,590,653,-147,-296
-1478,552,647,669,-132,-228
-1395,655,715,602,-144,-213
-1335,759,739,536,-171,-198
-1242,848,731,490,-176,-167
-1148,903,704,450,-147,-133
-1111,956,640,416,-161,-109
-1094,970,593,347,-180,-100
-1075,971,540,307,-159,-64
-1090,941,479,205,-158,-10
-1107,906,377,210,-214,-1
-1107,870,320,183,-234,25
-1101,824,270,140,-272,39
-1094,754,177,135,-261,24
-1092,711,115,184,-256,-13
-1085,680,103,164,-221,-10
-1107,654,47,167,-243,-17
-1096,634,36,172,-245,-39
-1082,634,31,175,-228,-34
-1075,644,37,137,-239,-40
-1035,653,-7,58,-283,-65
-987,653,-43,43,-355,-120
-846,658,-154,81,-369,-48
-671,722,-249,-20,-397,62
-298,-35,332,13,-253,-102
-202,63,-401,44,-664,-254
335,-18,-435,-428,1051,10
-70,-20,526,135,-39,-26
-78,-63,197,153,281,-61
-218,45,-341,68,144,-82
-184,12,-227,10,-12,-50
4,-11,-168,23,-50,-89
7,-19,-71,-10,27,-78
4,-21,-73,-11,-14,-74
7,-17,-63,0,-2,-90
58,5,-60,9,-38,-206
314,53,-134,74,-338,-361
538,42,-85,-40,-237,-206
753,63,-130,68,-282,-299
1187,31,38,38,442,164
830,-7,109,-6,378,106
639,-14,362,-132,103,-89
684,-53,497,-220,224,58
462,-157,377,-338,285,32
199,-199,150,-196,244,-9
-52,-263,140,-264,266,43
-182,-305,113,-206,98,-44
-294,-367,96,-184,-20,-85
-219,-411,142,-739,-834,-418
434,-592,-757,-139,161,-28
242,-608,-489,37,236,9
164,-618,-232,-69,-11,-229
131,-588,-140,-227,42,-492
329,-719,34,-455,297,2
-8,-822,-241,-366,359,-141
-463,-896,-244,-62,124,-386
-493,-879,-69,-251,208,-93
-510,-916,115,-237,195,-68
-761,-906,80,-272,153,-295
-686,-976,100,17,571,-69
-896,-1066,687,260,941,200
-1593,-948,1663,-332,-157,-374
-1376,-720,1429,-585,-36,-151
-1035,-779,499,-463,246,113
-1138,-930,250,-257,270,90
-1172,-936,295,-62,312,-94
-1169,-842,526,-83,338,-80
-1182,-777,670,-234,347,3
-1283,-785,564,-287,310,28
-1351,-859,473,-287,282,22
-1393,-938,352,-235,318,40
-1460,-1017,316,-204,333,15
-1530,-1083,264,-144,324,26
-1596,-1106,224,-60,336,8
-1661,-1104,244,26,324,6
-1724,-1106,248,31,278,-47
-1736,-1120,166,25,236,-107
-1718,-1150,18,60,286,-114
-1796,-1174,-115,155,349,-108
-1911,-1170,-139,247,352,-171
-1989,-1149,-86,263,404,-171
-2135,-1125,-100,296,402,-237
-2232,-1089,-142,358,434,-271
-2447,-1029,-130,441,404,-322
-2501,-940,-90,523,309,-356
-2501,-833,-31,557,219,-336
-2501,-729,-40,599,112,-369
-2501,-608,-59,684,32,-403
-2501,-473,-23,752,8,-404
-2501,-312,65,784,-50,-417
-2501,-139,157,777,-108,-408
-2501,28,238,755,-158,-379
-2477,191,320,724,-265,-284
-2405,354,360,709,-359,-253
206,39,-221,-658,68,-313
651,-128,551,74,-997,-166
1151,102,-51,-651,-691,-220
1581,24,232,-148,-101,-432
1778,256,-349,-1018,1049,-1635
2501,396,-1034,-1018,2020,1976
-2294,-213,-1156,157,1562,413
-2501,-120,556,1193,-154,-645
-2339,144,511,-1018,-1979,-929
-932,-2,112,621,318,-150
-1210,106,123,448,450,-151
-1358,127,604,-493,48,-141
-1450,-115,955,-72,793,-60
-1908,-158,1292,-724,394,-260
-1758,-280,448,-1018,-1979,-1321
-863,-764,-637,-127,1836,241
-1668,-821,-203,-1018,-1464,-703
-974,-936,-1147,-110,117,256
-1543,-1052,-99,-480,543,-579
-169,-1376,1473,-1018,-459,-1878
970,-951,-1101,1522,924,153
-239,289,20,1586,226,-805
130,505,2209,-1018,717,-18
-925,46,446,-1018,366,-66
-1067,-243,70,-862,249,-126
-1256,-424,-1830,-663,-487,-457
-845,-648,-2343,-244,707,-230
-1455,-960,-1361,506,1577,-108
-2501,-1025,392,522,1203,-338
-2501,-868,1221,-59,465,-530
-2501,-917,871,-494,-758,-849
-1961,-1101,-323,248,466,-466
-2311,-1150,280,267,602,-440
-2501,-1087,589,384,529,-470
-2501,-982,741,17,-407,-787
-2413,-932,1,-106,-500,-777
-1917,-872,-1106,447,-227,-644
-1858,-800,-938,1068,442,-427
-2228,-550,-362,621,98,-652
-2170,-340,-600,255,-1251,-833
-1185,-412,-943,1329,1812,530
-2501,-30,-1599,660,-251,-285
-2501,-550,2501,2981,2020,1158
-2501,576,2501,-37,-967,-961
-2501,685,2501,-1018,-1979,-563
-2501,27,1898,-851,-1979,-544
-1266,-294,-1055,285,-1317,-42
-452,-174,-728,389,-77,512
-609,-70,-130,482,910,864
-1599,33,773,269,1016,635
-2401,40,1348,-295,347,328
-2501,-62,1099,-374,-33,222
-2501,-129,602,-193,-209,128
-2498,-151,368,52,-242,117
-2362,-126,407,187,-276,131
-2261,-78,497,233,-334,97
-2175,-27,514,227,-345,85
-2158,33,429,308,-455,74
-2076,128,364,468,-581,53
-1933,251,406,485,-673,17
-1725,377,438,466,-776,-49
-1469,489,355,384,-763,-26
-1249,566,224,378,-704,21
-1087,631,138,394,-614,42
-961,683,139,388,-616,9
-806,719,164,289,-558,31
-740,733,131,249,-518,20
-596,731,100,205,-461,-5
-458,724,2,166,-350,-12
-353,708,-75,144,-289,-7
987,-39,-485,261,197,79
910,-9,-337,32,434,149
675,-22,-449,184,588,26
507,-45,-570,487,1752,-58
-429,53,-214,-254,522,-644
-178,120,-477,-62,362,135
2,33,-878,-868,638,393
-351,-295,-1596,-719,774,284
-640,-508,-1912,-373,629,154
-1064,-503,-1973,-395,741,135
-1362,-625,-1865,-333,654,48
-1533,-758,-1752,-403,551,-61
-1585,-881,-1712,-351,498,-136
-1580,-1018,-1575,-362,434,-236
-1466,-1198,-1346,-327,410,-221
-1450,-1301,-1176,-257,476,-189
-1553,-1370,-954,-189,522,-157
-1735,-1419,-638,-158,515,-126
-1983,-1405,-439,-158,328,-134
-2214,-1364,-224,-130,179,-164
-2222,-1321,-161,-117,3,-169
-2116,-1257,-164,-52,-133,-180
-1910,-1171,-117,16,-160,-131
-1709,-1065,-35,66,-143,-97
-1545,-963,76,101,-128,-56
-1404,-865,176,97,-116,-47
-1289,-769,186,66,23,-60
-1239,-702,161,52,99,-59
-1278,-665,125,35,250,-40
-1397,-645,123,43,335,-41
-1520,-628,159,29,365,-57
-1608,-608,190,34,390,-55
-1685,-594,227,20,409,-57
-1766,-592,240,74,403,-104
-1822,-578,284,102,409,-100
-1882,-567,336,143,381,-92
-1930,-543,417,168,361,-94
-1988,-513,468,208,328,-122
-2034,-458,516,304,250,-143
-2036,-376,627,348,176,-160
-2024,-278,718,382,124,-166
-2020,-182,810,413,16,-151
-1991,-83,895,411,-75,-155
-1923,13,907,432,-144,-137
-1851,107,897,484,-225,-167
-1738,203,912,493,-240,-142
-1598,338,930,507,-293,-142
-1495,420,933,492,-343,-139
-1385,485,879,473,-340,-134
-1299,534,821,473,-321,-135
-1244,577,785,427,-297,-109
-1208,611,732,343,-258,-90
-1214,614,646,274,-251,-38
-1237,589,548,260,-295,-40
-1226,565,470,252,-329,-16
-1191,555,404,254,-412,-12
-1106,544,339,223,-434,27
-1027,534,243,225,-426,19
-975,529,177,222,-364,53
-976,525,147,224,-347,66
-968,527,150,208,-369,56
-923,535,125,181,-380,40
-889,535,110,178,-364,14
-810,537,78,161,-308,13
-749,546,49,143,-260,15
-710,544,50,123,-256,14
-656,532,29,65,-255,2
-591,531,-82,51,-187,-70
-540,529,-168,77,-109,-77
-514,524,-159,69,-49,-76
-1345,122,-481,70,-476,-540
-114,47,156,-192,-660,-239
495,64,261,-72,389,469
31,32,516,-216,300,334
-387,-100,793,-225,150,212
-431,-250,1084,-536,-160,6
-201,-384,635,-752,-106,75
-110,-570,132,-557,167,150
-195,-732,33,-468,277,64
-270,-784,-75,-408,301,-118
-275,-801,-159,-441,552,-180
-494,-839,-183,-522,868,-255
-828,-898,-190,-514,898,-354
-1103,-946,-199,-488,836,-432
-1293,-966,-272,-409,823,-443
-1478,-978,-270,-359,819,-465
-1657,-1006,-264,-551,1054,-247
-2490,-1251,-661,-303,698,-456
-2501,-1377,-683,-117,476,-594
-2468,-1370,-725,-15,648,-574
-2501,-1335,-595,59,779,-539
-2501,-1318,-392,27,721,-539
-2501,-1314,-297,-36,742,-479
-2501,-1335,-265,58,791,-432
-2501,-1373,53,124,752,-399
-2501,-1339,200,109,619,-364
-2501,-1303,168,157,587,-361
-2501,-1267,220,320,474,-345
-2501,-1199,304,368,328,-334
-2501,-1121,265,483,177,-320
-2501,-1030,242,628,57,-343
-2501,-885,215,814,-59,-393
-2501,-715,241,904,-181,-436
-2501,-531,242,949,-302,-454
-2501,-347,182,1041,-321,-477
-2501,-25,190,1043,-300,-483
-2501,183,198,958,-267,-485
-2501,366,145,923,-234,-447
-2501,537,144,921,-284,-418
-2501,710,184,867,-410,-405
-2501,868,184,814,-495,-385
-2501,1012,196,743,-540,-344
-2496,1143,199,622,-565,-254
-2375,1255,170,488,-574,-149
-2276,1335,113,415,-613,-65
-2149,1403,98,355,-671,-15
-1981,1452,107,227,-706,106
-1829,1490,101,143,-698,161
-1680,1521,77,34,-678,241
-1568,1517,68,-96,-695,328
-1440,1470,58,-202,-677,412
-1335,1398,17,-305,-653,477
-1197,1224,-41,-386,-622,480
-1120,1092,-131,-398,-602,479
-1031,1249,-320,-28,-641,307
-940,1214,-78,-537,-378,446
-1092,1247,-486,-121,-635,252
-876,1577,-375,343,-504,343
-988,1920,-163,-1018,-273,1171
-1219,818,-2501,-239,51,159
-863,927,-2501,-328,-411,31
-465,932,-2501,-196,-320,-201
-93,723,-2501,-144,-788,641
-165,540,-2501,-39,-391,351
-87,534,-2501,174,-477,-1005
419,540,-2501,33,-4,-183
76,553,-2501,12,-233,-220
95,483,-2406,0,-489,-121
168,239,-1969,-75,-583,-317
220,11,-1104,-25,-498,-254
-868,-119,-900,109,-1881,-725
1018,70,-1111,-427,-426,-281
1598,148,-1310,101,-493,-270
1928,0,-673,-7,402,-63
1822,-7,-596,174,-47,-614
2501,628,-2152,239,1599,195
1251,837,-2501,63,2020,1077
-936,391,-2375,-1018,120,-114
-540,-86,-1407,-274,320,190
-448,-11,-1627,-138,143,9
-499,-1,-2168,-100,-257,-366
-129,25,-2010,-181,108,25
-178,57,-2142,45,16,151
-241,-4,-1915,203,59,219
-403,-24,-717,422,707,692
-1618,-151,1254,-90,1533,420
-2501,-305,2134,-1018,-473,-661
-2097,-814,67,-1018,-829,-667
-1088,-1129,-919,-661,-111,-292
-830,-1283,-775,-275,533,6
-1115,-1318,-259,-334,594,49
-1410,-1403,81,-493,358,-123
-1459,-1506,5,-531,206,-271
-1398,-1579,-227,-481,327,-202
-1504,-1561,-420,-201,408,-149
-1608,-1525,-31,-147,139,-245
-1434,-1428,-15,-280,187,-225
-1357,-1379,-151,-251,345,-183
-1425,-1342,-224,-162,468,-145
-1590,-1267,-259,-86,540,-147
-1742,-1223,-70,-115,544,-181
-1929,-1148,13,-103,504,-222
-1982,-1115,57,-54,470,-249
-2015,-1098,120,-1,485,-272
-2061,-1061,175,81,473,-273
-2124,-1037,310,161,407,-257
-2203,-990,380,208,379,-261
-2306,-936,426,273,330,-273
-2401,-864,464,392,243,-319
-2433,-755,554,514,174,-381
-2441,-628,685,620,104,-420
-2422,-453,730,724,43,-475
-2385,-265,850,754,-32,-445
-2389,-65,859,785,38,-341
-2493,120,906,884,-75,-386
-2501,323,924,848,-184,-419
-2454,455,1100,789,-343,-390
-2398,632,924,826,-321,-283
-2394,739,1006,751,-425,-282
-2236,853,1186,630,-594,-283
-2124,963,942,571,-470,-151
-2088,953,1068,535,-547,-121
-2109,1015,904,510,-560,-91
-2043,993,1071,439,-694,-97
-1909,1009,1040,432,-901,-86
-1613,1002,1104,316,-946,-52
-1333,990,1010,214,-901,8
-1123,957,893,116,-837,47
-946,898,754,-24,-765,70
-831,820,535,-79,-709,102
-767,736,465,-279,-768,219
-599,652,193,-160,-628,130
-498,553,202,-153,-483,83
-470,511,-42,-294,-554,131
-310,431,-82,-258,-501,26
-149,400,-308,-257,-374,60
-84,-45,608,-1018,-117,-49
40,-941,-503,-1018,616,678
-815,-1074,-1787,-475,-110,-15
-575,-799,-1388,699,-477,-257
-1084,-129,1071,602,355,180
-882,31,117,223,152,226
-295,52,-283,-78,262,32
80,58,-324,-122,27,-43
295,9,-105,113,88,-3
417,29,-136,83,143,17
426,53,-268,44,34,196
297,150,-658,170,5,35
443,172,-715,-81,90,-51
395,162,-773,-61,10,51
165,137,-1227,-20,-126,465
157,84,-1128,-6,178,-168
131,37,-750,103,46,-208
423,78,-550,15,87,-407
579,54,-362,-38,-6,14
387,-46,-364,-256,97,203
-68,-108,-284,-85,521,60
77,-112,-78,-22,211,-7
-296,-167,526,-212,162,-280
-347,-217,566,310,587,-52
-438,-213,951,-153,156,-143
-448,-313,1096,-242,327,-104
-469,-382,773,-642,-61,-207
-297,-516,-149,-528,71,-136
-272,-629,-627,-210,331,-35
-344,-666,-488,-190,425,-25
-419,-688,-357,-283,397,-88
-468,-704,-376,-360,669,-58
-595,-773,-302,-474,840,-27
-824,-919,-243,-534,926,-77
-1079,-1063,-242,-561,1031,-111
-1487,-1222,-198,-615,1107,-82
-1783,-1356,-181,-645,1091,-64
-2086,-1500,-299,-489,866,-159
-2213,-1548,-44,-330,1039,22
-2501,-1581,221,-433,539,-62
-2501,-1555,49,-273,431,-16
-2501,-1523,-71,-115,290,-52
-2501,-1453,18,-40,208,-26
-2501,-1365,41,33,108,-49
-2490,-1282,33,94,90,-15
-2424,-1225,1,118,94,-14
-2414,-1205,-39,134,160,-44
-2466,-1168,-174,182,240,-119
-2501,-1150,-252,212,347,-157
-2501,-1141,-278,275,386,-216
-2501,-1121,-219,293,441,-285
-2501,-1089,-156,254,552,-330
-2501,-1058,-101,286,615,-414
-2501,-1004,-9,268,744,-473
-2501,-921,82,306,725,-506
-2501,-820,190,413,657,-530
-2501,-578,520,524,570,-524
-2501,-351,845,612,404,-510
-2501,-83,1168,673,204,-469
-2501,212,1485,698,12,-401
-2501,509,1758,685,-151,-329
-2501,787,1920,610,-266,-239
-2376,1020,1943,549,-389,-174
-2259,1200,1889,532,-494,-153
-2114,1328,1833,533,-572,-128
-1957,1407,1782,498,-722,-135
-1695,1453,1581,520,-749,-123
-1531,1453,1465,588,-776,-128
-1424,1466,1362,614,-766,-133
-1360,1471,1255,584,-743,-121
-1333,1471,1084,606,-725,-176
-1314,1457,925,568,-678,-221
-1300,1425,729,468,-656,-255
-1248,1366,490,439,-649,-203
-107,80,-290,-33,216,-85
-88,79,-226,-2,191,-60
-41,73,-168,21,146,-81
-29,87,-175,-16,221,-72
8,55,-64,-20,182,-81
10,41,17,-46,164,-97
6,29,85,-40,175,-110
-3,-2,207,10,167,-85
8,-13,260,8,156,-91
-19,-53,338,-12,206,-96
-40,-61,376,-20,161,-121
-121,-77,425,122,378,-83
-158,-63,281,121,342,-29
19,-24,-23,152,351,62
336,41,-315,53,245,42
632,47,-405,25,222,-11
805,58,-440,-6,205,-8
889,68,-443,-19,122,7
1166,7,-370,-36,184,34
1303,-5,-374,-14,193,18
1395,-85,-332,-355,1065,1110
-651,-380,-1029,-386,348,645
-473,-415,-1263,-251,55,-177
153,-468,-1062,-603,535,258
-194,-680,-1828,-380,490,364
-123,-913,-1858,-518,219,149
12,-1056,-2347,-1018,230,309
408,-1309,-2501,169,649,146
196,-1280,-1812,288,688,168
-50,-1163,-1080,-122,331,24
-8,-1049,-1152,26,315,-49
95,-1006,-960,105,358,-90
98,-887,-790,184,361,-78
86,-782,-576,103,322,-68
60,-753,-514,127,296,-81
44,-715,-483,227,324,-88
2,-587,-324,164,290,-85
-41,-520,-184,144,273,-73
-65,-427,-121,149,252,-48
-82,-361,-39,126,224,-29
-89,-303,31,117,198,6
-101,-283,75,104,184,45
-141,-260,123,75,176,93
-95,-441,111,-65,49,58
-118,-382,-27,128,153,125
-161,-363,43,-11,53,110
-173,-392,37,-7,53,180
-238,-457,-57,15,10,64
-185,-453,-114,16,21,142
-203,-467,-157,34,-15,125
-191,-481,-196,18,-19,127
-170,-492,-271,26,1,147
-220,-508,-310,85,-17,122
-244,-511,-324,62,4,132
-322,-520,-363,69,68,112
-480,-577,-381,69,-23,73
-491,-596,-384,98,-21,53
-501,-603,-439,172,-18,-35
-505,-593,-405,171,90,34
-653,-565,-416,197,36,-50
-670,-486,-360,161,57,-14
-734,-446,-380,166,82,5
-803,-416,-384,163,67,-24
-796,-355,-369,205,21,-48
-761,-271,-344,241,9,-122
-741,-190,-316,242,12,-100
-738,-119,-300,253,-3,-93
-853,-56,-301,262,61,45
-1131,29,-323,236,60,-99
-1050,48,-275,178,-49,-66
-719,-98,-1675,-80,-102,43
-642,-215,-1373,-194,214,168
-835,-290,-1623,-225,226,154
-971,-386,-1629,42,241,16
-1092,-434,-1235,105,349,230
-1529,-362,-1020,224,4,183
-1496,-331,-658,112,-25,73
-1503,-282,-630,-73,-22,-7
-1432,-311,-761,-30,36,48
-1456,-328,-738,12,123,112
-1553,-350,-481,141,58,29
-1586,-300,-245,-26,24,-29
-1632,-293,-221,-356,-191,23
-1608,-344,-630,-206,-382,-71
-1349,-347,-747,-6,-244,17
-1463,-191,-894,-47,-176,84
-1448,-196,-1092,-80,-261,29
-1255,-270,-982,26,-261,-56
-972,-286,-696,-123,-69,-30
-628,-359,-308,-414,263,30
-469,-445,-269,-486,681,111
-814,-634,-220,-445,800,138
-1158,-762,-118,-468,839,43
-1462,-842,-49,-460,914,11
-1752,-941,66,-529,996,-30
-2083,-1006,120,-465,978,-65
-2333,-1059,258,-484,866,-122
-2478,-1097,323,-478,778,-109
-2501,-1151,369,-443,640,-130
-2501,-1166,400,-314,526,-144
-2501,-1172,508,-252,433,-106
-2501,-1168,554,-162,295,-91
-2501,-1139,640,-70,101,-130
-2492,-1104,621,92,-93,-212
-2366,-1028,617,212,-228,-268
-2210,-924,584,408,-405,-326
-2026,-782,612,572,-535,-306
-1862,-645,638,657,-628,-325
-1677,-486,574,747,-657,-356
-1506,-327,529,783,-563,-388
-1387,-166,536,838,-396,-477
-1305,7,657,663,-276,-404
-1281,129,750,529,-200,-324
-1325,193,747,441,-200,-274
-1323,250,697,403,-220,-260
-1263,272,696,378,-241,-225
-1185,303,723,367,-278,-181
-1114,350,773,380,-315,-106
-1055,410,843,357,-371,-30
-983,468,949,352,-405,53
-924,546,995,312,-444,112
-878,615,994,208,-470,210
-843,667,932,209,-514,309
-809,711,940,177,-557,386
-768,745,950,112,-607,438
-729,708,820,-23,-707,499
-638,622,393,-32,-816,522
-479,550,-20,-89,-911,596
-317,500,-247,-18,-774,516
-97,394,-141,-157,-557,650
-260,391,-438,-327,-485,716
-353,344,-828,-314,-566,481
-151,140,-722,-15,-435,339
-20,215,-350,147,-329,145
23,597,-273,360,-197,226
47,954,257,418,-241,97
121,1090,628,215,-259,27
283,1284,1152,63,-202,3
425,1334,1579,15,-160,2
390,1298,1680,-227,-74,107
-440,-183,574,254,433,21
-416,-34,227,134,295,3
-202,82,5,61,218,87
113,75,-68,111,419,48
368,182,-403,53,178,66
531,170,-413,49,187,-13
710,155,-359,34,226,-27
758,209,-400,30,200,-19
817,208,-418,39,202,-29
808,253,-544,44,224,-2
857,280,-596,32,211,-33
913,307,-580,-1,203,-27
1007,317,-520,-8,195,15
1026,336,-507,-771,429,933
252,268,-1432,-1018,2020,1941
-1776,-788,-2501,2005,-1448,-1796
589,-50,-1216,149,276,-214
-317,-118,-1567,-1018,2020,1819
-2106,-1210,-2501,-316,-245,-312
-761,-911,-2501,-1018,-504,-401
245,-1566,-2501,549,932,-24
-241,-1247,-2501,886,1481,331
-1157,-1143,-999,280,776,188
-1371,-1077,-351,-297,-101,-160
-1075,-1075,-878,-328,68,-72
-1035,-1152,-1159,249,256,-44
-1081,-947,-683,268,155,-46
-1036,-803,-405,87,95,-32
-1002,-731,-409,64,79,-11
-1008,-656,-456,125,123,51
-1058,-568,-403,163,127,31
-1072,-481,-323,145,40,27
-1033,-416,-301,122,-15,31
-978,-373,-333,110,-2,89
-975,-355,-359,125,-5,107
-978,-324,-374,104,-4,132
-978,-307,-368,81,-46,123
-964,-307,-395,91,-74,98
-931,-314,-433,112,-79,104
-910,-322,-453,138,-124,119
-868,-321,-463,131,-160,82
-810,-324,-498,115,-122,113
-769,-341,-519,167,-8,111
-854,-342,-575,160,2,45
-897,-352,-531,135,15,31
-975,-341,-599,183,18,21
-1032,-332,-578,179,45,20
-1130,-310,-586,257,-29,-41
-1127,-268,-521,258,-62,-55
-1165,-246,-504,268,-50,-27
-1215,-219,-481,343,-124,-72
-1208,-166,-429,352,-164,-86
-1209,-116,-393,380,-218,-120
-1168,-26,-326,407,-220,-142
-1144,35,-260,432,-249,-175
-1103,109,-209,447,-282,-217
-1038,172,-171,464,-296,-248
-955,249,-159,487,-298,-295
-883,314,-131,481,-251,-296
-840,385,-72,462,-200,-286
-841,444,-4,448,-206,-301
-836,497,72,438,-192,-309
-843,550,149,423,-217,-297
-849,596,241,385,-230,-273
-866,613,329,266,-239,-218
-907,598,313,196,-323,-188
-866,578,323,170,-374,-162
-802,564,372,-1014,-896,-247
-523,-778,-2501,-527,-543,-104
-245,-899,-2501,-1018,-285,-188
-1340,78,-544,512,-12,-284
-989,415,-12,-279,-109,-169
-556,184,364,-238,167,40
-653,109,0,-145,41,14
-670,92,-71,27,-74,-34
-553,82,45,26,-58,-23
-395,97,147,-93,-46,-43
-267,66,121,-256,99,32
-274,50,-27,-170,54,-45
-278,50,-303,-95,-63,-37
-111,34,-264,-97,-33,-39
25,43,-238,-109,-2,-33
133,33,-260,-190,-3,10
181,8,-368,-130,-25,26
254,0,-338,-37,-88,-19
347,-2,-176,-6,3,-13
349,14,-120,-41,56,2
244,-15,-32,-149,203,62
-21,-98,-20,-167,152,88
-235,-147,-136,-111,-68,32
-288,-190,-177,-74,-209,0
-224,-238,-229,-113,-326,-19
-87,-309,-291,-134,-300,3
12,-368,-348,-134,-218,36
61,-425,-350,-165,-139,43
65,-468,-375,-172,-86,35
70,-508,-379,-202,-33,33
69,-540,-399,-214,29,46
65,-586,-390,-272,108,47
28,-642,-398,-261,216,47
-7,-656,-394,-262,309,24
-104,-678,-393,-215,364,-26
-225,-707,-319,-224,404,-43
-330,-730,-243,-231,445,-62
-456,-766,-86,-234,472,-67
-556,-778,11,-206,519,-66
-676,-783,132,-185,539,-79
-808,-773,255,-170,513,-52
-949,-740,371,-126,463,-36
-1056,-710,522,-115,380,-22
-1125,-680,649,-136,278,-2
-1142,-654,692,-124,198,2
-1112,-632,705,-110,157,7
-1078,-621,709,-100,178,25
-1083,-618,730,-95,217,55
-1127,-624,743,-111,275,69
-1207,-619,716,-78,329,35
-1314,-611,707,-89,387,52
-1476,-609,670,-139,416,81
-1655,-635,566,-102,395,79
-1813,-664,479,-4,330,18
-1874,-672,447,74,259,3
-1990,-667,373,108,223,1
-2104,-677,271,134,218,-6
-2206,-672,141,203,240,-12
-2310,-684,78,271,298,-67
-2394,-692,65,366,338,-187
-2478,-663,85,501,403,-298
-2501,-588,174,620,438,-378
-2501,-489,355,738,380,-450
-2501,-354,542,814,219,-532
-2501,-192,672,848,78,-573
-2501,-16,775,907,-51,-599
-2501,186,859,958,-186,-632
-2501,538,1004,963,-326,-613
-2499,779,1124,901,-460,-548
-2325,1007,1140,813,-576,-442
-2145,1203,1095,763,-696,-365
-1920,1375,1066,738,-786,-359
-1621,1521,1060,616,-790,-288
-96,87,-591,8,137,-71
-72,94,-540,-31,134,22
-149,108,-493,50,28,-85
-102,115,-347,-114,167,-105
-94,85,-300,69,100,-37
-123,93,-283,-25,276,-159
-98,100,-303,51,187,-170
-62,88,-286,-10,199,-86
-52,72,-266,43,155,-92
-69,85,-277,-9,166,-78
-55,56,-249,15,121,-111
-43,32,-228,22,165,-69
-45,44,-237,11,138,-92
-38,29,-228,16,146,-95
-20,-5,-212,12,158,-82
-15,-16,-219,8,143,-89
-15,-47,-212,12,142,-93
-14,-59,-208,12,146,-83
-19,-60,-198,6,126,-65
-25,-57,-178,2,141,-82
-26,-49,-166,-5,130,-84
-21,-51,-135,59,105,-77
-29,-17,-142,-1,143,-92
-21,-7,-112,-7,136,-102
-5,-6,-70,20,143,-83
-22,20,-81,6,137,-89
-23,14,-80,14,140,-79
-27,7,-79,18,147,-92
-38,14,-85,8,128,-88
-37,22,-79,3,125,-79
-45,35,-14,-24,74,-82
-31,21,44,-6,95,-78
-15,8,132,-7,137,-74
-11,28,151,20,129,-85
-20,19,140,29,153,-92
-25,12,115,36,195,-92
-45,36,19,36,185,-105
-137,33,-61,26,159,-141
-133,34,-119,10,150,-86
-152,45,-152,-4,116,-63
-3,6,-93,24,139,-101
-19,19,-89,-7,137,-83
-56,55,-65,-10,114,-121
-120,32,7,3,115,-117
-627,0,54,-52,-868,-117
-869,-13,-315,-493,-354,-372
73,-6,-249,124,-1407,-385
226,-372,1310,-1018,470,-105
1174,-40,-1268,2130,-1689,-858
2501,741,-2428,-1018,2020,920
1135,638,-2501,540,2020,784
-448,871,-2501,-86,1258,259
-821,791,-2478,-278,-120,2
-160,720,-2018,-301,333,290
-152,619,-1617,6,474,121
-368,493,-1185,-252,520,87
-599,217,-639,-29,876,264
-1031,100,-114,11,1002,146
-1477,-16,481,-898,727,-17
-1894,-322,431,-1018,354,-230
-1896,-711,-719,-629,328,-253
-1462,-1135,-951,-363,552,-186
-1342,-1285,-520,-427,576,-140
-1344,-1469,-328,-499,502,-92
-1439,-1526,-457,-283,464,-67
-1591,-1542,-330,-205,502,0
-1821,-1526,-194,-158,300,-40
-1962,-1476,-88,-104,97,-116
-1821,-1361,-58,0,-3,-123
-1675,-1215,-33,111,-54,-98
569,589,1857,-1018,499,-437
534,57,-636,-1018,216,3
602,-185,-2501,-749,-1223,-113
1417,-208,-2501,425,1054,310
1064,-339,-2501,868,911,282
314,167,-888,430,486,139
256,290,-239,-254,421,239
127,266,206,-567,263,160
-31,63,-42,-507,145,44
-44,-127,-366,-437,136,43
13,-212,-560,-324,190,45
28,-267,-576,-339,174,36
58,-269,-873,-364,91,-25
157,-384,-867,-360,214,134
41,-509,-856,-296,267,84
44,-556,-1055,-324,-30,-91
237,-626,-1152,-165,144,-19
191,-672,-1003,-33,205,41
-25,-630,-481,525,846,328
-499,-492,226,-381,-69,-19
-350,-429,-432,-256,-35,-58
-243,-501,-252,-109,147,47
-372,-554,-407,-206,71,20
-364,-499,-618,188,196,-88
-338,-438,-341,-106,277,-16
-419,-400,-397,-44,295,-68
-524,-410,-407,-199,380,-89
-568,-436,-604,-112,275,-190
-574,-434,-653,89,486,-118
-734,-354,-327,-5,449,-168
-875,-397,-154,-351,618,21
-1228,-640,-45,-145,365,12
-1268,-521,-626,296,868,95
-2501,-924,2501,2032,2020,1039
-2501,-195,2501,-1018,-879,-656
-2501,-616,854,-525,-203,-239
-2331,-1019,257,185,144,-48
-2207,-870,472,601,17,-70
-1932,-573,1033,317,-72,-37
-1636,-499,1049,-1,-80,32
-1645,-460,558,196,177,143
-1979,-404,400,399,224,143
-2325,-294,421,408,24,-7
-2433,-199,379,392,-155,-119
-2408,-131,254,445,-267,-192
-2294,-59,148,535,-366,-240
-2134,43,87,597,-422,-254
-2022,148,46,615,-422,-242
-1985,240,-11,625,-481,-230
-1945,324,-65,623,-619,-263
-1829,409,-142,597,-723,-273
-1664,500,-234,578,-790,-242
-1461,592,-333,422,-895,-150
-1224,681,-542,253,-898,-59
-867,737,-1115,262,-884,-41
-571,751,-1238,262,-816,65
-291,780,-1139,84,-699,241
-105,775,-1083,-101,-572,433
-37,684,-1005,-139,-385,558
-29,612,-905,-326,-534,490
107,522,-1051,-379,-411,560
180,353,-1064,-412,-319,563
189,212,-1140,-385,-207,538
171,82,-1147,-379,-145,456
147,-30,-1155,-389,-70,396
75,-159,-1161,-432,5,355
-41,-318,-1225,-381,71,281
-182,-470,-1250,-348,137,219
-381,-520,-1317,-191,172,117
-539,-536,-1208,-149,154,32
-284,198,-415,-78,225,48
-309,147,-424,12,137,70
-347,94,-171,-48,95,-96
-256,38,25,89,44,62
-286,81,-61,99,59,68
-230,142,-316,82,10,21
-203,165,-340,42,92,26
-187,180,-289,-89,72,19
-205,146,-266,-36,96,102
-173,106,-172,-35,108,254
-113,52,61,-15,53,354
83,92,-73,208,-312,-137
99,240,-482,-372,354,-206
-219,166,-438,62,149,-168
-127,146,-289,-125,187,-33
-22,127,-199,-58,81,58
118,3,-148,-796,213,-1013
539,-241,-14,297,1108,-1399
-266,-41,358,-79,395,10
-358,122,-187,-198,279,-166
-321,-33,-373,-273,125,74
-379,-219,-460,-69,217,-48
-523,-259,-640,2,182,-26
-538,-249,-575,-32,129,123
-386,-246,-453,-35,180,19
-449,-240,-489,-56,165,-14
-482,-288,-476,-95,160,-20
-333,-372,-416,-116,160,-10
-268,-410,-425,-62,165,-192
-395,-390,-562,-155,131,-82
-323,-408,-486,-130,149,-133
-244,-394,-480,-168,185,-85
-238,-370,-397,-128,178,-142
-312,-329,-361,-91,137,-153
-405,-279,-365,-50,90,-162
-409,-239,-311,-108,132,-78
-361,-176,-196,-40,152,-102
-277,-118,-114,-58,121,44
876,-522,-15,50,98,-75
94,-592,-148,77,58,-94
29,-415,-171,63,93,-76
-349,-177,-116,90,73,-22
-463,-244,-103,149,37,-42
-650,-246,-158,155,12,-22
-615,-224,-184,175,8,3
-617,-203,-208,209,-2,4
-757,-193,-272,227,6,6
-945,-182,-358,215,20,13
-1179,-125,-374,224,-1,29
-1272,-104,-414,249,28,-46
-1491,-133,-558,209,-101,234
-1206,-138,-488,223,3,114
-1298,-36,-481,218,-6,114
-1160,24,-361,211,-19,159
-1265,4,-366,233,9,-51
-1678,25,-546,185,-147,293
-1420,-6,-529,34,15,191
-1475,17,-533,35,42,121
-1547,-2,-560,-23,-38,226
-1428,-12,-486,-75,64,176
-1461,22,-435,-100,98,192
-1305,70,-374,-95,164,78
-1386,49,-345,-130,22,255
-1153,2,-337,-133,36,151
-1148,0,-329,-85,27,144
-1071,7,-310,-36,5,138
-1125,-23,-282,-7,-38,124
-1182,-30,-249,-22,-29,161
-1166,-25,-149,30,-34,127
-1090,-2,-103,51,-71,71
-164,141,499,405,204,99
-245,223,578,422,22,49
-264,334,623,382,16,96
-314,424,819,294,-10,139
-319,473,1002,79,-4,176
-386,472,990,-474,-378,319
-282,439,-145,-141,-241,228
-248,302,239,-284,-228,213
-235,235,603,-805,-488,69
145,-134,558,-417,-117,230
41,-69,-151,-110,-71,225
14,-74,-190,112,-142,112
101,-98,232,158,-68,192
77,-57,312,86,-146,153
163,-53,182,180,6,168
167,-55,256,209,152,249
37,13,472,159,132,169
-33,91,449,157,150,51
-85,101,550,41,80,39
-58,132,314,-58,-17,45
-5,94,228,-138,9,113
-35,56,73,-196,12,126
-69,-29,149,-239,26,135
-54,-96,212,-87,170,250
-151,-70,277,372,284,283
-298,146,-236,836,80,224
-281,315,-868,1119,-129,-67
-107,507,-455,1134,-49,8
-1390,1377,715,593,-686,-733
-691,1344,2501,91,-676,-297
-162,1592,2501,-578,-651,-388
454,1249,2479,-1018,-490,-94
981,67,210,-879,381,215
547,306,-2501,192,77,92
616,12,-1256,559,129,155
432,-145,24,298,201,248
252,-61,-46,311,141,136
100,148,-411,242,135,163
-48,144,369,74,63,51
-74,96,1068,-37,42,-14
-61,112,1127,-254,-1,-86
46,12,905,-283,40,-106
124,-99,468,-217,87,-64
133,-139,268,-143,117,-28
147,-180,-48,-96,142,105
88,-201,-105,-29,150,106
-8,-185,-129,-5,81,94
-99,-142,-188,11,30,54
-86,-103,-254,96,14,61
-86,-72,-161,143,7,67
-81,-31,-65,130,-11,60
-75,-4,-59,128,-29,49
-47,56,-21,118,-41,50
-13,91,133,81,-43,44
19,112,273,27,-3,48
28,115,314,-29,26,60
27,109,281,-47,38,67
32,103,128,-48,30,46
21,78,124,-30,44,60
8,64,146,-46,33,62
2,49,87,-43,34,55
-10,34,64,-37,30,57
-16,26,52,-18,20,59
-10,9,24,-18,19,54
-8,-8,32,-6,19,50
-5,-14,24,4,26,59
-9,-20,22,10,26,63
-9,-19,34,16,15,53
-7,-16,44,11,21,52
-7,-14,77,13,15,50
-118,311,-914,6,-69,2
-22,321,-1218,-60,2,77
-69,392,-1164,-222,494,164
-140,301,-741,-31,-90,59
-138,309,-514,-11,-20,50
-113,245,-467,-103,-8,14
-118,160,-340,-57,-46,41
-98,132,-385,-104,20,57
-133,109,-470,9,52,197
-200,123,-474,117,-85,57
-143,145,-326,62,-62,70
-110,195,-80,242,5,211
-233,184,321,-149,-203,-241
17,77,231,-4,-14,-50
12,48,132,-46,59,30
8,10,31,-12,-4,33
4,-4,31,-14,-63,-39
255,-88,129,15,-11,90
223,-131,169,-9,32,56
217,-177,138,15,-127,-20
297,-210,125,-21,-53,-49
315,-208,78,3,228,226
309,-221,109,-93,-38,-47
395,-148,-49,-72,100,-134
447,-73,-49,-10,41,-144
524,-76,-49,-3,-131,126
532,-62,-121,-54,-52,-232
555,25,-304,-100,-6,-144
621,2,-318,27,190,478
462,-37,-186,-195,-19,202
-303,-108,-399,129,126,150
-323,-176,-201,109,-40,30
-307,-169,-209,-85,-102,198
-10,-166,-214,-35,-21,87
-54,-188,-224,-58,9,113
-196,-262,-237,-49,46,179
-188,-257,-297,-59,24,86
-254,-230,-241,-70,6,109
-238,-259,-289,-87,61,19
-228,-255,-323,-79,-59,285
-148,-115,-366,-94,56,53
-228,-227,-278,-51,-65,63
-160,-240,-348,-71,-48,132
-191,-295,-302,-60,14,15
-119,-368,-192,-73,-42,8
-56,-406,-149,-83,-31,-44
17,-320,-88,-118,0,-43
-206,-218,59,-96,-25,-40
-519,-416,-1,-36,-103,-2
-474,-440,59,-68,-15,-67
-500,-419,65,-130,-11,36
-563,-455,-10,-69,36,-7
-496,-520,18,-98,19,64
-317,-558,15,-72,-70,-40
-190,-450,-214,21,-31,-34
-45,-378,-258,64,-259,-416
315,-255,-337,-151,178,531
-105,-620,-309,74,-12,-25
131,-500,-338,23,-49,3
197,-485,-106,-47,44,142
132,-542,44,-13,49,74
224,-426,272,-78,9,172
166,-377,289,-37,29,97
14,-357,323,-56,-16,131
-76,-284,340,-65,36,60
-230,-57,429,-202,-251,66
-452,-207,-178,94,271,-159
-446,-309,301,-310,-317,505
-602,-245,225,-44,-79,-155
-666,57,237,-61,-12,-7
-55,210,-565,35,-105,118
431,272,-635,-36,56,-105
387,242,-512,-18,-30,-85
229,194,-312,-71,15,1
176,177,-299,2,-15,-10
187,128,-230,-3,-12,-7
129,121,-176,28,-59,10
31,130,-97,2,-25,-19
-31,116,-46,-2,-31,10
-58,102,-20,0,-22,-13
-89,78,2,-2,-9,5
-166,46,7,4,-24,9
-199,37,20,4,-9,139
-286,45,45,6,-37,65
-245,111,93,15,-33,-21
-197,191,121,-21,-30,140
-220,243,141,11,-51,110
-218,248,152,35,-27,-79
-187,305,242,-4,-13,-36
-153,362,264,-11,-12,8
-109,395,275,-14,-10,-44
-59,373,286,-18,-1,-63
-44,295,287,-50,-40,-19
-16,184,244,-20,28,-125
-102,5,174,-53,-208,92
-88,-124,82,-120,-81,-325
-240,-453,165,134,166,-207
-715,-865,37,-40,316,-355
-681,-1159,87,-212,-112,-76
-460,-1147,-266,-111,188,-481
-141,-347,-18,-104,46,-215
7,-176,-22,-182,128,-223
54,-73,-32,-205,41,-131
36,-119,-66,-179,7,-135
81,-285,-154,-181,25,-157
98,-340,-188,-151,15,-121
104,-315,-180,-144,-12,-154
92,-281,-149,-107,-4,-138
98,-221,-132,-108,-5,-103
17,-151,-95,-95,-21,-90
-28,-133,-105,-81,-6,-72
-42,-174,-118,-67,-19,-53
-56,-196,-159,-49,3,-34
-61,-160,-192,-50,-5,-26
-88,-46,-195,-36,8,-27
-79,102,-211,-32,12,19
-99,222,-194,-23,28,20
-117,266,-194,-47,13,7
-158,297,-193,-37,23,8
-149,306,-179,-46,40,12
-136,307,-147,-62,48,5
-142,301,-126,-73,46,-9
-119,286,-91,-67,30,-24
-76,267,-54,-51,13,-26
-74,262,-39,-45,-4,-51
-55,244,-24,-35,3,-35
-35,219,5,-41,0,-53
-18,182,26,-36,-4,-56
-46,140,49,-25,-15,-78
-55,127,60,-19,-25,-99
-61,95,66,-10,-27,-110
-47,84,73,2,-43,-110
-52,67,71,16,-45,-118
-72,67,73,23,-61,-140
-47,55,65,64,-42,-81
-142,111,51,64,-55,-102
-179,150,29,70,-54,-119
-215,206,11,83,-55,-111
-297,219,-4,19,-114,-189
-481,234,-24,154,-32,-131
297,-65,-256,-64,-158,-497
430,120,-289,29,-301,110
398,-23,-143,-4,-33,65
445,-13,-135,-3,-32,756
36,100,-36,3,200,410
-1019,75,83,-65,98,-129
-556,46,-85,-171,-45,-270
-166,80,-360,-117,9,-172
-399,100,-625,-62,-70,-38
-531,75,-694,-84,-128,-21
-659,51,-678,-42,56,50
-619,0,-538,-49,32,-56
-746,-21,-388,-130,-59,-25
-721,-138,-229,-161,31,-117
-730,-221,-123,-182,-23,-121
-703,-316,-64,-166,-84,-143
-576,-367,1,-163,-43,-189
-479,-396,21,-169,-100,-112
-436,-420,79,-134,-90,-149
-381,-463,64,-116,-64,-152
-381,-485,66,-103,-87,-86
-378,-552,37,-67,-85,-88
-429,-573,11,-41,-87,-99
-524,-603,-50,-31,-131,-24
-522,-633,-37,-31,-65,-24
-556,-637,-49,-44,-28,-11
-614,-611,-90,-18,-59,-23
-529,-581,-94,-24,-42,-5
-463,-557,-52,-50,-46,3
-387,-508,5,-66,-60,-19
-291,-430,65,-78,-66,-49
-197,-358,103,-79,-73,-41
-130,-289,126,-80,-74,-44
-97,-237,132,-85,-59,-37
-132,-193,131,-77,-73,-30
-204,-159,129,-71,-69,-33
-265,-119,111,-77,-71,-18
-340,-83,78,-62,-81,-42
-504,-63,26,-70,-176,-102
-207,-45,61,-41,-13,-60
-18,-6,126,-42,-3,9
-19,20,140,-20,-32,26
-160,65,128,0,-28,41
-306,76,128,27,-22,57
-487,80,125,49,-28,49
-562,121,148,76,-8,29
-563,152,161,93,-19,6
-544,238,158,101,-5,9
-475,319,167,116,-12,5
-434,371,156,134,-36,21
-438,363,135,163,-66,37
-427,318,104,180,-50,38
-432,293,100,186,-43,32
-373,242,86,181,-46,26
-387,245,72,163,-69,2
-375,244,71,152,-62,-9
-388,233,56,142,-62,8
-423,191,29,127,-64,2
-440,158,17,119,-61,-1
-470,70,2,107,-57,-2
-495,-16,-19,109,-54,-1
-513,-63,-45,123,-48,-10
-493,-81,-59,123,-30,-9
-459,-83,-82,134,-44,1
-437,-85,-88,145,-30,2
-398,-85,-92,172,-23,16
-388,-87,-108,187,-32,34
-388,-85,-119,209,-40,27
-380,-66,-124,229,-48,35
-351,-51,-131,238,-77,39
5,-110,-684,-55,-125,2
9,-136,-573,-52,-18,83
-26,-51,-463,34,-209,11
-21,27,34,240,-361,29
26,93,608,-90,-8,84
-17,61,612,84,186,77
-35,78,388,-76,17,-106
-60,-4,11,66,-133,-27
-8,-47,183,-38,15,54
-21,-40,128,-52,-175,-289
242,-228,411,-167,-439,-434
275,-234,0,-221,183,-664
-294,-116,-576,192,-236,-807
362,24,-10,-55,-227,-289
-796,125,-251,353,385,1445
-1760,76,25,-154,245,-352
-1588,68,-468,-120,126,57
-1548,-82,-561,-133,12,-117
-1569,-130,-593,-115,-15,-197
-1153,-6,-376,-78,98,90
-860,-45,-151,-139,170,-169
-656,-189,70,-108,132,-23
-533,-278,211,-107,63,-70
-551,-344,256,-76,-6,-86
-577,-363,281,-48,-34,-70
-589,-371,304,-38,-17,-74
-529,-371,335,-51,34,-74
-523,-399,316,-59,5,-59
-538,-421,286,-70,-30,-74
-495,-463,235,-63,-53,-75
-427,-467,140,-46,-46,-211
-452,-489,56,-83,-92,-5
-392,-464,-7,-96,-50,-21
-390,-449,-64,-113,5,-27
-427,-491,-71,-104,-22,-70
-437,-549,-42,-69,-46,-80
-487,-593,-39,-75,-89,-104
-541,-612,-96,-65,-85,-123
-598,-669,-158,-61,-99,-186
-580,-684,-240,-84,-77,69
-562,-733,-260,-37,-36,-51
-526,-724,-221,-22,-61,-59
-516,-737,-208,-2,-83,-40
-490,-712,-249,8,-64,1
-461,-654,-270,12,-46,2
-522,-600,-309,2,-52,22
-499,-588,-386,11,7,156
-230,-496,-283,-12,30,79
-141,-357,-233,1,-14,75
-136,-199,-187,25,-20,71
-128,-134,-174,21,-25,128
-169,-50,-160,28,-21,138
-255,-8,-149,28,-11,133
-336,15,-154,33,-10,151
-481,62,-154,28,-25,122
-487,118,-147,38,4,132
-549,208,-144,22,-18,125
-597,266,-153,40,-27,109
-682,323,-165,43,-45,96
-708,359,-173,50,-37,102
-733,341,-173,33,-79,127
-682,301,-157,48,-28,96
-504,254,-115,39,-32,99
-382,209,-85,20,-52,121
-274,127,-112,39,-31,129
-311,96,-140,27,-79,113
-284,35,-162,25,-47,122
-284,-22,-163,3,-26,128
-322,-84,-151,-9,-35,157
-450,-180,-141,-8,-26,111
-195,180,-635,10,-201,-223
-4,304,-752,-11,-192,-237
93,349,-818,-38,97,85
98,171,-545,-19,19,401
243,96,-354,-57,6,-87
183,91,-276,5,7,92
201,77,-228,-7,12,148
187,-1,-170,-15,-33,-63
320,45,-167,-18,-112,-149
423,114,-180,-47,-100,78
380,12,-81,-15,11,251
267,-41,-36,-7,19,-9
226,32,-53,2,19,169
207,37,-55,28,29,304
69,10,-63,5,9,139
19,6,-98,-11,-34,36
29,13,-135,0,-85,67
134,70,-280,-51,-81,15
248,72,-401,-108,-235,30
276,51,-516,-2,-8,22
357,108,-669,-169,-415,-78
705,133,-747,-80,-173,243
760,145,-996,182,65,72
690,92,-822,326,-5,216
315,111,-380,-43,20,843
238,56,-251,-157,87,122
121,-6,-301,-229,146,118
-36,-234,-133,-156,-17,102
-86,-418,-106,-87,-84,59
-93,-561,-122,-128,-55,57
-107,-679,-97,-98,-101,131
-93,-806,-47,-96,-89,130
-120,-931,-31,-87,-142,204
-113,-1063,-59,-130,-108,282
-30,-1150,-27,-61,-93,124
-28,-217,-292,-103,143,-142
130,-23,244,-122,-213,508
252,-634,-49,-34,-105,304
239,-802,-141,-5,-86,246
255,-585,-182,3,-12,182
201,-300,-41,12,-77,243
167,-271,-7,8,-69,278
151,-309,-4,19,-93,271
119,-407,-69,23,-76,250
86,-419,-131,44,-113,259
65,-484,-181,74,-135,222
29,-517,-202,53,-192,300
162,-484,-172,89,-185,248
255,-355,-141,88,-208,220
302,-280,-129,86,-234,280
359,-284,-157,51,-208,305
407,-326,-195,32,-185,313
428,-342,-216,20,-162,315
456,-342,-229,-2,-130,330
449,-303,-223,-14,-92,330
455,-284,-209,-25,-78,334
490,-272,-180,-27,-69,358
523,-278,-162,-17,-55,358
565,-286,-145,-11,-54,357
587,-286,-141,2,-41,363
626,-292,-130,24,-35,357
679,-294,-109,41,-41,345
725,-289,-91,52,-42,349
780,-287,-71,71,-24,339
813,-297,-52,83,-28,356
809,-331,-51,103,-48,332
809,-340,-45,128,-53,312
882,-349,-26,148,-68,312
889,-365,-30,157,-84,273
946,-379,-14,165,-66,275
1122,-514,-660,-12,156,294
863,-312,-654,-13,50,-58
631,-359,-524,88,224,-462
-195,-92,-64,-20,156,-112
-408,-7,-292,-33,325,-332
-160,165,-361,-170,-66,27
-435,269,-499,-284,-258,313
-678,317,-682,-11,-74,-401
-1106,178,-805,174,-47,-472
-1495,162,-994,-64,-226,-17
-1432,107,-1094,-112,-100,-13
-1538,-30,-1059,57,-177,-214
-1706,13,-1119,-9,-180,-88
-1502,-62,-955,-32,-168,-14
-1139,-205,-703,-58,-89,-57
-946,-264,-458,-76,-44,-82
-981,-270,-310,-69,-111,-56
-820,-295,-138,-51,-117,4
-604,-325,-6,-60,-107,-46
-562,-340,10,-95,-110,-29
-445,-427,66,-119,-60,13
-378,-474,115,-139,-55,20
-419,-551,150,-96,-45,-42
-563,-556,8,-105,-104,8
-566,-583,0,-111,-96,11
-427,-645,47,-116,-44,-27
-347,-686,66,-105,-63,-32
-361,-718,28,-129,-88,-19
-397,-745,6,-54,-113,-104
-437,-787,27,-73,-135,17
-313,-751,105,-59,-46,-70
-358,-658,123,-68,-120,-27
-373,-575,125,4,-113,-28
-86,-450,207,-3,-110,-59
-23,-364,197,-10,-125,-52
-104,-295,156,20,-141,-21
-156,-243,131,51,-149,-28
-264,-170,96,81,-158,-27
-373,-89,62,93,-150,-20
-504,2,37,97,-135,-15
-583,45,22,94,-118,3
-746,113,-3,98,-115,3
-873,192,-14,87,-97,51
-1043,211,-46,90,-82,14
-1208,288,-42,88,-95,16
-1145,355,-46,78,-31,65
-1073,380,-45,59,-9,78
-902,506,-23,92,-16,71
-768,564,4,84,9,92
-668,595,42,98,0,87
-598,600,79,98,24,91
-591,581,103,106,19,78
-630,537,140,128,-2,76
-667,458,158,166,-34,52
-724,385,174,217,-76,40
-744,304,174,254,-105,18
-824,262,158,289,-112,36
-826,198,145,318,-120,39
-728,131,123,321,-124,64
-693,91,104,319,-126,40
-747,29,54,326,-166,52
-790,-19,1,334,-174,46
-717,-59,-50,319,-175,70
-705,-123,-94,310,-178,57
-615,-187,-124,287,-162,90
-603,-258,-167,255,-160,110
-611,-332,-202,221,-144,132
-598,-392,-226,179,-134,131
-632,-442,-246,156,-144,117
-677,-465,-258,135,-151,114
-633,402,-624,-70,37,378
-452,149,-468,-215,37,263
-353,-134,-391,-509,107,-956
-258,-195,-371,-460,558,-256
-690,-218,-120,-514,158,350
-674,-384,-237,-672,81,222
-604,-765,-186,-539,-10,252
-588,-1260,-282,-465,-149,183
-438,-1466,-592,-419,-197,310
-167,-1652,-805,-423,-159,246
-97,-1648,-973,103,-557,-145
-106,-421,-1286,-866,239,533
21,-1401,383,-401,-33,409
174,-1481,595,-174,-274,285
261,-1332,365,-180,-271,299
231,-1070,214,-162,-184,321
232,-1007,452,124,-275,459
351,-1096,303,175,-217,438
352,-1147,102,273,-229,446
388,-1164,-28,391,-248,320
488,-1105,-177,402,-248,307
570,-993,-290,410,-265,278
640,-889,-428,389,-243,299
690,-799,-509,369,-245,316
710,-732,-573,341,-213,339
686,-657,-649,280,-191,361
674,-572,-721,246,-164,378
677,-529,-746,226,-153,381
738,-475,-781,183,-166,374
804,-413,-769,183,-150,373
860,-362,-781,169,-124,385
911,-324,-788,146,-90,387
960,-299,-784,132,-81,392
995,-290,-804,107,-51,392
1006,-286,-793,111,-39,378
1032,-252,-777,113,-25,362
1020,-237,-736,147,-28,327
1028,-194,-695,170,-17,327
1084,-140,-650,208,-48,267
1034,-85,-619,241,-30,249
1010,-40,-598,267,-1,238
1042,-15,-568,300,-23,202
1062,9,-530,329,-49,172
1038,10,-512,347,-39,202
953,-77,-521,398,-132,59
940,-38,-589,368,-16,176
1044,-52,-538,386,-42,134
977,-49,-594,379,-28,90
1017,-53,-578,375,-54,64
1043,-36,-557,355,-54,39
1039,-36,-570,351,-65,-3
969,9,-583,344,-73,-41
899,50,-593,315,-85,-107
866,104,-591,293,-98,-127
821,178,-549,254,-108,-153
720,269,-532,228,-122,-155
672,316,-534,205,-124,-130
580,266,-521,152,-131,-47
549,106,-540,178,-159,-198
474,124,-733,167,-145,-207
402,366,-647,140,-166,-120
372,461,-694,110,-157,-130
344,579,-686,63,-144,-86
344,609,-683,31,-134,-61
315,648,-704,-4,-116,-15
337,666,-700,-38,-109,3
352,671,-689,-56,-93,26
355,651,-675,-93,-77,44
343,705,-676,28,-137,-319
224,1175,-409,-42,-164,84
-182,23,115,-70,361,437
-265,6,-41,103,135,135
-287,-28,58,-284,14,450
-255,-5,-21,80,-83,296
-424,145,152,223,-269,1191
-547,235,393,-235,189,-267
-377,242,167,-86,66,-28
-379,150,62,-102,-10,46
-446,-56,38,-79,-40,266
-508,-166,35,-100,-37,-25
-379,-276,23,-90,-4,-53
-398,-274,111,-129,-19,-58
-404,-194,230,-150,-45,-81
-373,-144,261,-169,-59,-71
-274,-168,276,-215,-86,-98
-138,-260,228,-230,-114,-115
-29,-355,156,-208,-127,-85
67,-417,107,-173,-139,-56
98,-451,67,-136,-174,-57
32,-464,28,-114,-191,-79
-29,-460,10,-107,-196,-85
-81,-462,-2,-91,-183,-105
-90,-487,-18,-93,-204,-75
-140,-524,-69,-72,-186,-82
-187,-520,-75,-49,-201,-68
-211,-512,-105,-32,-154,-58
-145,-429,-88,-14,-115,-54
-44,-311,-52,-19,-103,-14
21,-207,-27,-34,-95,18
85,-124,-4,-52,-99,54
108,-60,12,-54,-100,51
148,3,31,-60,-97,78
174,25,36,-59,-84,66
260,36,50,-54,-60,89
430,25,81,-57,-43,109
511,-7,94,-51,-59,124
476,-21,100,-44,-73,120
464,-44,107,-21,-62,99
464,-68,120,-17,-67,91
461,-111,125,-10,-87,74
494,-150,121,4,-94,49
578,-187,121,6,-103,64
618,-224,92,27,-105,39
653,-234,83,39,-110,39
676,-253,61,47,-108,31
702,-257,46,60,-113,22
747,-261,29,63,-118,10
751,-261,-15,72,-142,-6
778,-236,-59,87,-143,1
818,-220,-93,89,-159,-20
837,-203,-107,90,-152,-7
846,-172,-145,87,-154,-13
835,-135,-179,91,-158,-30
839,-93,-204,93,-162,-7
818,-87,-225,89,-158,3
750,-76,-254,97,-158,8
688,-49,-283,108,-138,8
536,-28,-321,110,-137,-51
984,82,-289,120,-20,74
1181,141,-276,98,-17,150
1120,223,-295,98,-18,173
1069,234,-299,120,-10,189
927,236,-291,128,-15,162
748,264,-269,137,-1,149
648,279,-229,135,2,142
618,302,-189,136,-4,132
600,335,-174,125,-10,111
658,343,-160,129,-23,125
620,416,-153,138,-17,111
699,426,-127,134,-12,84
-73,435,-241,-75,24,-145
-82,398,-176,11,-65,84
-323,331,-36,48,-28,9
6,346,-16,-34,-29,-136
89,350,-10,-41,16,-80
-133,205,44,-103,97,140
-657,-54,-125,-83,107,299
-1076,-531,36,-59,161,202
-1238,-942,110,-179,-11,-159
-900,-462,23,-97,123,184
-1294,-411,23,-208,183,-264
-922,-345,161,-226,245,-124
-701,-322,186,-424,-21,210
-764,-455,7,-162,195,-58
-821,-571,105,-243,122,44
-752,-684,125,-386,-42,238
-833,-792,177,-117,228,-70
-823,-812,201,-257,117,178
-845,-838,191,-189,157,112
-832,-795,269,-145,182,93
-798,-699,330,-126,194,128
-738,-666,292,-160,158,229
-703,-681,307,-132,148,217
-664,-658,316,-115,146,190
-624,-584,296,-81,145,219
-607,-495,326,-38,142,166
-572,-409,353,-33,155,172
-533,-353,370,-40,185,189
-449,-363,336,-8,182,195
-500,-382,340,-13,109,188
-636,-456,334,-9,67,150
-714,-506,230,74,159,44
-617,-518,245,84,142,102
-412,-445,260,56,138,146
-372,-331,238,79,139,138
-435,-253,218,138,187,126
-503,-230,236,132,172,160
-531,-234,216,122,129,174
-519,-230,159,189,170,139
-495,-210,189,204,192,154
-469,-175,180,177,120,125
-404,-100,140,235,137,108
-376,-33,135,246,134,180
-331,1,96,247,111,136
-310,33,96,220,51,155
-302,21,22,300,141,218
-378,-15,50,219,94,172
-388,-53,-19,244,56,216
-378,-76,-33,263,73,134
-381,-90,-82,282,61,123
-397,-78,-72,215,15,132
-394,-50,-114,225,40,102
-311,-66,-119,194,22,55
-307,-62,-125,208,32,64
-385,-36,-85,149,-30,74
-388,-26,-79,186,56,69
-434,-22,-58,107,-52,87
-408,-24,-113,172,140,27
-551,-75,-80,98,-53,216
-571,-155,-184,88,-52,-15
-617,-80,-182,79,-7,71
-507,-75,-106,30,73,113
-471,-132,-133,118,82,-14
-512,-174,-101,-58,-19,164
-670,-296,-105,19,1,-24
-698,-465,253,73,98,87
-862,-132,-527,62,-271,491
-1014,-92,34,108,82,169
-1014,5,67,110,-128,-77
-1005,-32,-167,205,-101,-34
236,-624,-704,208,-328,-197
327,-556,-169,190,-19,1029
-398,72,326,-200,114,43
-339,74,43,-47,81,141
-467,57,-43,-27,8,-3
-831,-116,-121,24,-138,342
-1237,-245,-2,-99,29,-114
-696,-186,-243,-112,16,14
-499,-212,-417,-68,14,149
-320,-249,-574,-75,-59,-156
-38,-74,-591,-176,-178,-96
-116,5,-751,-41,-114,-205
-533,127,-877,62,-250,-434
-1081,185,-1035,-23,-167,210
-1045,-30,-1038,-161,-125,-26
-670,-192,-908,-127,-80,-60
-490,-243,-772,-98,-115,-12
-565,-231,-726,-98,-165,-95
-818,-167,-789,-71,-135,-36
-910,-198,-759,-69,-127,16
-680,-261,-711,-76,-44,47
-470,-291,-606,-89,-118,-61
-379,-282,-593,-79,-126,-51
-360,-275,-569,-67,-144,-80
-263,-286,-529,-71,-127,-77
-213,-313,-504,-72,-143,-102
-214,-326,-499,-55,-185,-146
22,-338,-478,-33,-110,-62
86,-355,-462,-26,-155,-115
67,-343,-469,-34,-182,-106
156,-377,-414,-28,-166,-100
20,-385,-415,-26,-172,-152
-128,-417,-418,-44,-201,-142
-216,-403,-431,-63,-190,-117
-172,-424,-395,-54,-167,-114
-203,-423,-416,-53,-128,-102
172,-412,-326,-61,-168,-124
178,-473,-360,-42,-192,-146
-33,-486,-396,-17,-216,-115
-52,-479,-379,11,-193,-101
-97,-478,-364,25,-204,-80
-89,-420,-395,39,-128,-76
95,-371,-328,42,-174,-55
66,-296,-318,54,-177,-12
-66,-268,-319,95,-163,-56
-289,-199,-326,110,-181,-33
-177,-59,-261,117,-126,-9
-119,-22,-231,144,-135,12
-64,55,-205,164,-174,32
-223,100,-190,192,-176,38
-419,120,-195,211,-175,20
-495,124,-194,228,-181,41
-287,157,-170,229,-133,65
-168,169,-155,247,-154,67
-221,164,-173,258,-192,50
-285,168,-204,263,-183,78
-278,161,-219,258,-167,98
-285,141,-233,230,-162,119
-291,88,-261,209,-153,120
-173,64,-266,194,-146,145
-108,0,-260,149,-151,178
-173,-81,-276,131,-172,143
-218,-128,-283,122,-156,143
-178,-195,-263,98,-182,114
-249,-207,-278,109,-193,99
-48,-190,-237,90,-197,161
33,-149,-239,87,-175,137
45,-117,-223,83,-214,111
6,-82,-214,85,-217,126
-171,-61,-205,94,-234,133
-503,73,152,-5,383,1112
-536,-6,253,109,133,223
-389,25,7,14,-192,-165
-232,156,-589,-18,-99,-338
-280,43,-436,41,-279,-687
-104,39,-430,-101,-10,-44
-498,54,-34,321,-625,-28
-402,111,622,-202,482,72
-124,220,-162,36,-45,192
133,125,-105,-118,-273,118
169,-79,-156,-46,-244,696
309,-254,-210,53,-12,104
361,-303,-176,4,179,-39
351,-283,-282,-393,-94,-41
172,-284,-380,-370,-108,33
334,-381,-188,-347,-107,26
415,-496,-49,-255,-120,7
386,-589,21,-112,-190,23
342,-632,-59,-205,-203,89
444,-735,33,-152,-219,111
480,-769,6,-85,-214,128
482,-785,-45,-14,-178,181
485,-783,-123,-36,-194,231
446,-779,-182,5,-132,267
445,-791,-129,-68,-160,325
491,-722,24,8,-102,300
433,-574,58,-15,-99,312
391,-458,124,11,-111,311
400,-381,153,24,-112,311
413,-361,144,39,-116,293
396,-344,130,39,-126,284
382,-323,122,32,-128,273
348,-272,104,26,-119,274
335,-235,84,20,-101,293
359,-226,46,24,-87,297
422,-251,27,44,-90,293
531,-280,-4,15,-65,335
731,-301,13,-22,-15,335
909,-317,23,-37,-12,290
968,-326,38,-61,-18,276
1107,-355,99,-46,3,266
1275,-393,89,-35,7,259
1362,-435,66,-38,16,238
1412,-487,87,-13,20,245
1435,-530,90,10,33,214
1309,-528,78,21,17,150
1165,-502,93,38,-1,148
1113,-491,101,71,-1,132
1012,-465,88,81,4,140
936,-440,81,98,12,123
889,-424,71,118,-4,137
965,-430,36,140,8,106
940,-402,12,142,-21,35
757,-352,10,165,-42,97
763,-272,-1,167,-33,96
876,-190,-6,175,-19,72
941,-125,9,195,-8,45
971,-84,-20,191,-26,39
999,-73,-35,172,-19,-15
963,-41,-52,185,-33,-46
850,-8,-88,177,-34,-25
904,35,-92,179,-26,-22
927,86,-115,182,-21,-48
907,128,-124,175,-26,-67
887,155,-130,165,-28,-62
864,167,-146,163,-25,-77
881,161,-149,179,-26,-55
898,162,-164,170,-7,-71
889,156,-178,159,-7,-81
822,148,-189,152,-10,-79
-106,10,-68,-191,173,-17
-103,-26,-401,-176,95,-67
-63,-48,-578,1,-2,38
-94,-72,-552,60,-61,13
-74,-71,-496,76,-84,23
-41,-58,-335,102,-94,30
-13,-27,-66,151,-115,65
-607,154,132,270,77,1072
-1123,237,245,-103,-19,-203
-810,128,341,-28,-335,-993
-611,-23,448,-135,201,315
-912,-123,93,-150,44,-107
-788,-129,-217,-78,19,-70
-605,-168,-360,-53,-17,-81
-472,-188,-421,-32,-25,-7
-518,-137,-442,2,-22,-14
-556,-101,-406,0,-17,40
-671,-52,-340,-10,-55,25
-709,-48,-288,-26,-28,19
-749,-56,-228,-64,-26,10
-859,-19,-192,-96,-42,-54
-889,22,-140,-167,-75,-45
-909,7,-166,-177,0,-58
-760,-47,-106,-240,-49,-19
-704,-164,-104,-252,-83,-27
-700,-266,-172,-239,-97,-32
-667,-336,-195,-230,-79,-54
-670,-384,-202,-219,-83,-19
-613,-422,-178,-193,-44,-28
-569,-470,-124,-166,-21,-45
-556,-529,-112,-161,-7,-15
-416,-585,-54,-135,-6,26
-380,-635,2,-113,-23,21
-366,-660,19,-84,-10,35
-323,-681,68,-53,-52,41
-324,-697,66,-22,-35,49
-357,-689,61,-9,-44,56
-361,-678,62,3,-25,75
-397,-689,68,35,-23,15
-351,-663,107,34,-28,-9
-290,-652,119,31,-47,-43
-208,-600,136,41,-58,-46
-96,-541,122,47,-15,-42
93,-487,136,39,-48,-33
114,-439,113,39,-59,-61
96,-389,89,54,-73,-69
73,-328,63,72,-85,-87
32,-247,31,79,-101,-118
27,-202,18,69,-105,-99
0,-142,-7,75,-90,-114
-80,-111,-51,58,-125,-88
-156,-92,-105,77,-77,-89
-229,-55,-134,71,-86,-74
-319,-23,-173,70,-85,-46
-434,0,-213,78,-74,-44
-495,-2,-241,60,-113,-48
-261,9,-274,85,25,-32
-147,27,-246,57,-25,56
-163,22,-296,53,-48,50
-310,5,-335,79,-29,29
-362,-50,-322,79,-48,107
-372,-102,-327,96,-12,101
-423,-121,-288,96,-3,77
-502,-119,-230,97,-41,82
-434,-75,-188,114,26,39
-301,-45,-129,79,7,109
-196,-47,-92,66,-31,118
-320,-61,-116,104,-37,82
-324,-63,-88,116,-48,46
-295,-50,-60,114,-77,51
-1232,-346,353,-42,395,-39
-863,-460,178,-269,-20,-61
-682,-581,-197,-217,-81,-85
-645,-629,-346,-83,-84,-161
-454,-620,-327,54,-138,106
-104,-601,-236,105,-20,39
114,-577,-40,87,-73,101
156,-544,66,69,-155,-14
244,-525,84,21,-145,32
332,-527,52,-19,-180,-2
338,-516,-10,-43,-164,28
384,-514,-86,-48,-146,41
382,-500,-164,-44,-162,48
318,-518,-217,-46,-213,18
241,-550,-249,-62,-207,56
184,-591,-277,-66,-186,25
179,-607,-291,-61,-166,67
220,-612,-303,-61,-159,63
305,-604,-301,-67,-162,86
375,-592,-293,-72,-159,111
371,-579,-298,-57,-151,104
388,-567,-274,-58,-154,93
450,-540,-255,-42,-151,112
488,-492,-247,-37,-158,101
488,-425,-235,-47,-156,110
465,-355,-217,-38,-141,123
449,-285,-194,-35,-129,115
420,-212,-170,-25,-137,114
432,-152,-140,-27,-146,104
520,-118,-119,-21,-129,103
570,-92,-98,-19,-112,125
595,-69,-100,-4,-100,132
603,-65,-78,1,-123,127
590,-69,-55,5,-120,146
580,-73,-49,28,-112,121
589,-74,-54,37,-117,124
616,-79,-51,50,-116,118
656,-92,-55,64,-130,112
702,-112,-37,65,-138,108
731,-134,-35,89,-145,93
779,-146,-43,100,-144,91
806,-150,-61,111,-135,87
825,-140,-122,129,-165,110
890,-143,-83,151,-185,60
922,-137,-112,162,-160,104
899,-122,-129,160,-174,106
900,-103,-154,178,-174,115
917,-92,-181,187,-159,136
883,-74,-205,174,-149,155
822,-32,-224,173,-127,163
764,14,-242,163,-98,161
769,34,-246,148,-91,162
766,65,-256,139,-80,195
751,109,-254,136,-87,191
758,139,-246,143,-67,185
823,142,-216,128,-55,200
837,141,-198,119,-63,217
782,134,-196,122,-65,214
730,115,-204,126,-65,199
725,86,-205,114,-54,188
728,65,-206,107,-50,179
736,51,-209,103,-50,156
752,47,-211,93,-29,146
801,39,-216,92,-21,154
824,31,-224,86,-16,148
824,11,-226,76,2,140
814,-7,-215,71,6,148
812,-16,-207,67,19,133
813,-32,-186,68,13,123
814,-45,-170,61,25,121
6,44,67,53,219,-87
-269,63,-94,276,686,2105
-2501,50,-226,-128,407,720
-664,-108,-806,-89,1592,-1339
-40,-26,-381,2,130,-268
-487,7,2,89,-219,-553
-550,66,438,-15,-563,-38
-473,38,42,-134,293,-375
-650,-59,-163,-65,117,-364
-1323,119,155,-125,-201,-195
-993,159,-177,-168,-901,-80
-315,-60,-561,113,531,-938
-1445,29,54,-187,-460,-161
-1252,134,-440,-135,-131,-257
-1017,24,-156,-205,-29,-128
-1388,-111,-323,-126,-148,-145
-1113,-219,-449,-69,-346,-153
-981,-268,-321,-141,-184,-110
-1050,-242,-429,-104,-216,-146
-803,-215,-600,-72,391,-334
-629,-291,-145,-194,-177,-9
-481,-257,-365,-148,-135,-136
-433,-238,-238,-153,-172,-69
-535,-275,-267,-163,-179,-49
-600,-343,-277,-153,-174,-37
-675,-384,-295,-134,-171,-14
-726,-351,-305,-130,-145,-4
-802,-314,-270,-119,-137,30
-623,-317,-243,-112,-91,69
-594,-335,-222,-96,-93,71
-667,-337,-218,-71,-98,68
-749,-294,-216,-33,-98,69
-769,-201,-163,-7,-85,54
-503,-154,-105,23,-52,157
-254,-187,-82,54,-10,171
-299,-239,-62,105,-27,167
-390,-250,-56,149,-25,171
-549,-203,-45,189,-49,150
-673,-107,-24,230,-56,155
-675,-17,-7,251,-45,195
-763,38,-4,273,-65,187
-736,51,-15,291,-76,207
-672,51,-17,308,-89,187
-616,28,-39,309,-91,218
-397,-13,-63,298,-68,236
-382,-53,-83,290,-67,225
-502,-68,-121,264,-93,212
-567,-91,-147,217,-78,215
-554,-126,-151,165,-67,231
-558,-187,-157,128,-49,238
-510,-257,-145,81,-33,264
-516,-332,-128,56,-42,226
-495,-388,-111,23,-43,235
-460,-440,-74,3,-50,221
-465,-485,-43,-2,-64,214
-434,-520,-16,7,-77,209
-418,-550,13,24,-99,201
-430,-574,27,48,-110,196
-433,-585,31,70,-114,202
-439,-594,38,96,-132,201
-448,-587,41,121,-156,208
-469,-563,30,145,-175,201
-484,-543,24,163,-193,186
-431,-492,-24,177,-188,200
-424,-416,-38,183,-176,200
-456,-329,-64,186,-184,208
-443,-235,-77,157,-188,226
-395,-156,-90,139,-186,234
-381,-92,-111,107,-163,240
-376,-50,-122,79,-155,247
157,-141,7,81,-289,492
129,-182,116,10,60,303
94,-214,-22,73,12,392
219,-173,-115,-7,-33,38
178,-26,-36,74,-28,484
112,87,-141,37,51,280
-209,570,-229,32,-15,266
-66,886,-237,-23,19,140
44,995,-235,-85,125,178
291,880,-110,-31,264,346
493,457,338,-121,179,719
645,-9,418,-487,-245,449
811,-213,171,-316,-54,275
908,-98,122,-430,-58,239
1099,58,154,-460,-64,247
1129,89,195,-409,-66,230
1052,42,214,-368,-99,191
829,-145,253,-342,-126,189
628,-366,263,-314,-149,199
492,-516,257,-263,-153,177
387,-546,241,-198,-150,179
322,-491,256,-140,-137,165
307,-428,304,-108,-138,189
327,-393,354,-61,-142,183
401,-378,375,-9,-154,181
487,-353,363,51,-152,154
493,-302,338,104,-152,167
519,-228,298,134,-165,183
561,-163,244,182,-159,179
582,-106,184,221,-165,185
565,-64,126,261,-178,163
563,-35,59,275,-170,181
524,-5,-25,277,-160,190
525,13,-82,266,-134,218
519,19,-123,241,-120,219
510,0,-155,211,-102,231
499,-52,-189,181,-80,253
514,-124,-228,156,-59,271
535,-166,-248,128,-33,270
597,-251,-281,115,-20,246
672,-334,-313,95,-4,247
730,-419,-336,82,0,234
776,-507,-341,78,2,235
798,-604,-341,48,28,219
824,-700,-337,35,41,228
843,-800,-311,34,43,204
863,-888,-309,9,56,208
833,-950,-292,37,36,177
879,-1013,-312,52,45,175
954,-1007,-270,47,32,154
936,-999,-244,60,35,152
923,-962,-242,76,22,143
947,-887,-250,101,16,114
990,-777,-243,112,6,121
1073,-723,-252,144,-12,112
1010,-650,-288,181,-44,72
1035,-565,-320,211,-47,77
1073,-487,-369,229,-41,65
1093,-367,-408,252,-44,48
1081,-226,-415,273,-63,55
1021,-111,-436,284,-73,30
932,-5,-453,279,-60,50
897,63,-453,270,-36,50
870,91,-457,251,-18,64
787,129,-476,246,-19,46
720,175,-496,232,-13,58
702,197,-512,209,-10,51
650,205,-530,198,-3,56
646,204,-533,179,10,58
620,184,-533,159,13,52
166,47,-186,112,42,358
-102,5,6,50,24,198
-30,-10,-157,11,-29,-509
314,-16,-102,-18,-98,173
62,-21,-9,78,-224,-220
73,3,6,-112,-351,-368
315,12,-71,249,-225,-562
342,5,141,-15,-174,-16
390,130,-189,64,-208,-60
362,30,73,94,-165,59
223,11,26,37,95,226
108,-46,78,-132,-81,193
-11,10,-44,-71,1255,81
383,-88,101,-102,-101,886
-275,42,216,97,575,2110
-907,316,140,-22,184,-243
-308,298,-30,-91,29,-264
33,147,-12,-112,-125,-152
60,-121,198,-26,-254,-81
174,-166,67,86,-98,111
157,-79,102,43,-266,11
133,32,175,-91,-385,52
174,118,57,-190,-255,-73
259,114,70,-1,-337,185
227,2,15,9,-278,55
203,-127,250,-331,-185,7
117,-223,-32,-288,-66,-161
170,-260,-17,-247,-126,47
260,-253,-41,-202,-207,-60
309,-267,-53,-165,-251,-34
305,-342,-32,-186,-201,-48
328,-436,16,-210,-149,-12
270,-539,63,-203,-150,-26
235,-576,98,-191,-158,-51
173,-631,103,-135,-194,-22
159,-654,146,-135,-178,-56
111,-653,142,-103,-175,-11
111,-589,146,-74,-173,-75
50,-530,155,-95,-258,-183
503,-440,125,-11,-170,-128
750,-320,117,2,-167,-19
764,-173,78,0,-156,2
769,-139,63,20,-137,34
695,-85,37,26,-145,21
619,-47,8,41,-154,12
583,0,-25,65,-153,-8
584,28,-46,77,-129,16
586,108,-79,83,-133,24
566,191,-109,67,-130,48
497,271,-155,94,-113,13
452,333,-183,88,-105,67
377,380,-221,120,-93,36
382,413,-235,124,-57,39
416,429,-237,121,-53,5
478,448,-240,136,-68,4
562,440,-250,132,-49,-20
707,394,-251,151,-34,1
861,327,-258,147,-25,37
968,237,-271,148,12,97
1001,174,-286,154,34,100
965,99,-287,167,29,91
969,68,-286,147,41,100
961,-17,-271,143,33,104
1017,-133,-263,131,65,124
923,-185,-268,140,60,114
932,-201,-267,136,76,105
956,-235,-304,115,69,124
953,-216,-295,122,87,104
949,-201,-330,118,99,104
877,-147,-337,115,95,109
-1423,-53,153,-89,388,-214
-1740,-202,-188,-181,-52,91
-1774,-159,-558,18,-18,-56
-2003,-94,-516,49,-167,-315
-882,-48,-424,99,232,-105
-307,-68,-312,-51,162,75
-301,-79,-271,-80,17,21
-378,-101,-251,-52,-66,-36
-453,-144,-255,20,63,2
-412,-139,-182,-58,-1,-72
-379,-184,-94,-107,-40,-133
-329,-220,-40,-131,-39,-125
-211,-267,19,-118,-34,-96
-209,-305,38,-105,-57,-82
-259,-333,42,-68,-58,-60
-305,-377,42,-29,-35,-79
-388,-386,16,-16,-60,-42
-430,-399,4,-21,-32,14
-445,-432,18,-2,3,-3
-467,-373,63,-3,-22,-17
-502,-283,75,22,-37,-29
-524,-173,39,40,-56,-31
-553,-110,24,44,-83,-65
-563,-13,9,40,-70,-68
-550,64,0,22,-65,-85
-506,117,-13,18,-82,-116
-457,146,-48,29,-91,-111
-512,204,-88,45,-82,-155
-418,244,-136,30,-69,-149
-367,270,-150,20,-93,-140
-294,309,-179,15,-71,-124
-307,339,-202,38,-71,-107
-367,356,-216,35,-27,-52
-380,356,-208,41,-14,-38
-409,355,-209,57,-24,-43
-468,349,-218,69,-25,-42
-466,347,-227,94,-37,-45
-460,357,-231,119,-50,-20
-452,381,-220,117,-31,29
-397,373,-206,89,-17,15
-332,314,-194,71,-6,60
-312,239,-189,37,-16,59
-370,159,-192,48,-4,59
-429,126,-152,3,-30,59
-536,102,-103,6,-17,29
-551,91,-50,-10,-15,29
-550,85,-18,-2,-3,21
-533,106,39,-35,-25,41
-444,51,88,-40,-6,16
-367,14,113,20,26,76
-276,-56,131,-29,11,8
-354,-143,183,19,-42,22
-412,-231,213,34,-28,0
-489,-261,233,49,-46,10
-525,-278,226,57,-62,-28
-533,-276,226,98,-53,-47
-487,-281,215,95,-97,-21
-512,-247,167,128,-100,-32
-532,-204,119,148,-104,-21
-508,-159,91,138,-88,9
-389,-133,46,151,-75,36
-372,-118,-3,148,-73,81
-492,-96,-63,165,-81,113
-645,-65,-97,165,-80,130
-753,-26,-129,160,-78,138
-794,8,-185,148,-63,123
-746,15,-211,132,-77,138
-649,17,-238,136,-65,150
-573,17,-277,130,-63,171
-515,15,-285,141,-20,245
-412,249,-230,944,192,1952
-1530,285,1072,-238,-40,347
-956,316,663,-336,-328,86
-520,322,260,-213,-990,-1133
303,326,-128,-173,227,-8
398,232,-272,-243,-35,-78
785,19,-622,-260,-268,60
1118,-213,-962,-228,-35,149
1139,-399,-658,-232,110,135
1036,-350,-284,-177,48,145
920,-251,5,-172,-25,143
815,-288,159,-188,-83,173
619,-438,213,-171,-131,172
512,-632,192,-173,-107,163
461,-798,166,-164,-102,114
416,-825,187,-111,-137,99
462,-735,182,-65,-150,112
540,-637,208,-40,-158,146
584,-577,201,-10,-150,175
615,-564,191,18,-152,194
662,-555,152,60,-154,230
667,-519,85,89,-152,218
646,-424,35,104,-153,223
618,-291,0,107,-153,238
587,-159,-30,105,-152,259
545,-63,-59,87,-130,274
498,-12,-83,60,-102,299
448,1,-98,26,-71,316
414,-9,-107,1,-51,333
414,-21,-109,-27,-26,334
435,-51,-102,-38,-13,343
478,-95,-84,-66,-1,340
543,-158,-67,-82,8,314
627,-234,-47,-88,2,322
733,-324,-35,-85,2,299
773,-366,-26,-58,5,295
861,-442,-26,-44,14,276
940,-498,0,-30,7,277
1031,-552,23,-9,15,230
1055,-590,42,6,1,214
1075,-625,53,32,-9,203
1080,-633,54,60,-13,181
1064,-640,41,71,4,173
1028,-627,59,92,-12,166
1008,-592,45,128,-22,154
991,-530,42,149,-48,121
968,-463,31,180,-56,103
953,-386,11,186,-60,132
1016,-309,-17,201,-52,113
1060,-217,-39,215,-55,69
1062,-181,-45,228,-84,38
1056,-107,-90,221,-63,39
1084,-33,-97,240,-58,49
1062,26,-162,236,-57,41
976,86,-183,246,-44,69
901,131,-225,265,-27,72
815,176,-261,272,-22,83
714,183,-299,276,-9,86
662,188,-318,246,13,107
565,168,-337,200,25,93
499,134,-361,179,26,95
455,88,-375,140,22,94
527,58,-377,121,35,78
582,47,-364,105,39,48
587,40,-360,102,42,68
675,27,-349,102,51,65
749,-2,-333,107,40,51
767,-40,-313,115,19,53
783,-81,-312,104,27,40
797,-133,-319,104,30,34
-12,-125,-425,-42,-110,-31
34,-184,-204,20,-59,78
46,-86,-74,52,-68,103
-18,54,60,38,-54,61
-45,105,162,11,-65,23
-52,75,285,-5,-130,17
-41,52,389,-25,-456,9
66,4,513,-191,-1199,-289
634,-38,168,-160,134,-9
938,-25,-59,52,-186,-476
1407,-136,36,159,-13,79
838,-132,40,16,-372,-642
240,82,59,-459,452,1029
-477,-66,91,-744,397,782
-561,-219,332,-554,-126,-149
-330,-584,300,-400,338,-59
-264,-726,669,-159,15,-66
-54,-754,736,-260,-225,-270
278,-760,588,-105,-191,-78
547,-782,691,-58,-163,-14
675,-827,620,-26,-111,44
579,-844,460,-32,-92,68
526,-853,378,-36,-78,39
470,-849,336,94,-25,149
372,-805,351,60,-48,131
345,-716,343,108,-54,82
383,-610,257,59,-77,54
401,-510,174,106,-73,97
388,-424,140,114,-98,64
357,-336,124,76,-155,-27
388,-279,122,139,-118,23
391,-139,106,67,-149,1
395,-33,-7,50,-152,6
346,17,-111,48,-148,26
276,52,-207,-2,-158,89
486,56,-291,13,-142,-41
720,106,-394,40,-183,-19
798,124,-484,-69,-157,-30
839,144,-717,15,-58,121
782,104,-819,-116,-85,103
617,29,-807,-39,-31,111
569,13,-795,-9,-58,64
564,27,-815,10,-28,75
491,91,-789,102,-43,30
567,186,-966,18,-118,48
545,236,-1129,106,-48,71
551,320,-1240,95,-60,72
532,393,-1327,100,-36,84
461,461,-1235,139,12,102
440,517,-962,125,39,81
418,582,-817,53,-1,41
443,617,-713,146,-10,62
494,601,-707,84,-41,67
509,523,-754,119,-46,47
542,475,-763,124,-1,33
628,402,-767,145,2,22
645,313,-644,123,-5,44
718,236,-553,137,29,64
691,211,-424,140,53,48
680,165,-262,138,48,49
669,156,-201,152,53,58
670,128,-106,158,37,65
615,88,-55,159,28,70
612,38,-32,156,34,65
587,-20,-11,152,30,68
565,-50,12,164,34,30
602,-110,39,170,37,51
593,-145,79,155,20,92
483,-140,125,142,28,69
467,-99,72,119,36,29
322,-51,-259,126,-435,359
177,-30,-275,66,-377,-123
216,-67,-36,54,-104,128
145,-20,5,-28,-70,46
0,41,144,102,186,-254
453,-98,-67,175,-108,40
315,-110,24,68,59,-6
57,-121,-46,-51,45,61
45,89,-353,15,10,-37
90,86,-259,13,-113,35
593,141,-63,1,-110,-126
636,82,80,-6,-76,188
606,39,210,2,-50,35
637,21,290,27,-97,-266
663,-25,302,84,-186,-414
230,-130,386,-19,-233,126
421,-102,226,375,302,1929
1136,-131,299,-166,170,-247
639,28,482,24,-155,417
360,63,525,-113,-36,266
325,41,511,171,56,147
281,-56,670,-144,85,82
-3,-255,861,56,44,59
105,-245,847,-221,-72,-154
-80,-267,991,43,64,53
11,-180,990,56,158,121
8,-226,1150,-163,-51,-503
414,-196,1437,465,228,341
38,-269,1348,151,141,10
-2,-326,1102,277,73,-95
257,-327,1632,-212,-15,-332
370,-187,375,-974,-148,511
-703,-260,-222,417,465,1445
-1025,-369,505,-26,243,-419
-632,-577,487,-154,43,38
-613,-616,199,-166,64,44
-509,-593,-32,-94,47,364
-266,-549,-48,-59,52,101
-62,-520,-65,3,67,112
28,-514,-9,-19,36,118
149,-586,-9,0,35,149
176,-614,-14,33,54,161
156,-593,7,31,35,122
205,-566,15,21,79,166
209,-495,4,34,81,154
216,-459,-3,37,73,186
167,-387,-54,46,73,181
179,-339,-93,55,87,161
233,-298,-108,59,109,167
301,-247,-116,51,128,195
336,-197,-124,49,127,159
425,-177,-105,48,141,172
497,-173,-76,39,131,161
528,-189,-68,33,106,161
532,-197,-76,40,114,167
543,-256,-93,43,107,207
350,-293,-121,63,82,224
191,-230,-163,87,82,75
308,-217,-143,114,85,70
376,-172,-118,114,66,81
457,-153,-104,131,53,79
523,-158,-98,146,36,62
571,-170,-94,170,28,81
647,-221,-121,145,46,133
547,-225,-187,166,26,159
375,-247,-265,166,9,112
346,-215,-296,178,24,82
350,-143,-308,168,27,86
364,-60,-299,173,52,76
417,-1,-271,160,66,68
-770,12,-5,-36,-32,51
-788,65,-58,28,-44,69
-789,89,-54,24,-37,75
-797,84,-95,8,-63,96
-814,58,-139,-68,-32,89
-783,76,-195,-61,-68,106
-753,94,-284,-75,-71,91
-575,70,-400,-106,-69,76
-449,-7,-527,-158,3,103
-456,-109,-431,-126,-18,74
-352,-157,-318,-154,-63,63
-316,-212,-248,-130,-45,132
-217,-217,-88,-183,-30,110
-121,-206,38,-170,-57,125
-95,-191,113,-141,-79,131
-76,-201,152,-114,-82,151
-80,-225,164,-84,-90,180
-89,-229,168,-61,-78,194
-88,-196,199,-34,-58,211
-61,-157,232,-32,-56,220
-13,-138,245,-25,-58,225
35,-147,256,-4,-38,232
89,-179,252,-1,-37,238
129,-208,253,-1,-47,211
175,-244,260,29,-47,194
219,-274,288,39,-49,157
249,-293,300,43,-43,154
323,-336,310,54,-36,130
387,-405,300,54,-42,126
451,-476,264,62,-49,125
514,-520,198,69,-62,128
549,-544,146,76,-56,119
566,-544,100,94,-84,103
608,-538,50,104,-108,144
619,-551,6,125,-135,157
609,-582,-40,40,49,108
491,-651,126,87,-88,84
385,-642,85,109,-110,53
427,-593,87,116,-98,67
499,-525,77,127,-141,55
569,-458,-21,124,-84,68
610,-415,-115,183,-209,70
661,-371,-227,177,-255,70
920,-346,-441,205,-240,289
1703,-498,-765,47,505,-21
1125,-662,-227,229,66,-149
645,-482,-186,56,-21,32
612,-342,-190,99,14,79
709,-183,-59,122,-34,46
672,-185,-22,166,-63,58
589,-251,-86,213,-100,70
281,143,-119,182,-56,8
310,198,-131,149,-21,42
348,320,-138,125,-22,29
340,405,-174,84,-42,12
355,405,-197,84,-36,-5
413,352,-223,62,-46,17
448,327,-241,79,-42,-1
451,331,-240,84,-39,-6
437,369,-234,69,-42,-4
415,409,-216,40,-32,-7
413,405,-208,34,-28,6
370,433,-190,11,-44,9
351,417,-184,17,-25,-32
374,397,-155,11,-26,-24
302,394,-147,20,-59,-20
205,411,-140,47,-52,-51
250,414,-95,45,-33,-71
294,421,-69,37,-40,-64
308,426,-41,39,-46,-59
-142,-100,-719,-184,267,-30
-168,-218,-1439,-377,311,0
-526,-249,-1744,24,-18,223
-587,-222,-1625,94,-47,16
-531,-115,-1441,38,-13,141
-616,-52,-1366,42,-103,-127
-462,-39,-1071,106,-170,61
-419,-13,-672,106,-129,103
-471,43,-428,-37,-7,-65
-387,48,-644,-145,107,-41
-316,-15,-978,-85,-5,26
-335,-66,-1026,27,-122,24
-374,-70,-803,113,-178,81
-451,-37,-555,60,-76,74
-589,7,-456,68,-62,165
-926,6,-347,59,-91,514
-1448,-55,-244,44,-123,130
-1896,10,-160,27,-39,241
-1993,101,-253,23,-81,151
-2125,227,-156,-8,-107,57
-2241,211,-156,-8,-75,-60
-1932,160,-197,-25,-66,-109
-1457,116,-241,-85,-218,0
-932,16,-475,-54,-78,26
-343,87,-511,-82,-141,67
-97,25,-602,-40,-138,156
-159,17,-624,-21,-163,152
-138,-14,-606,-7,-130,129
-76,-78,-520,-49,-150,171
-150,-70,-489,-48,-158,166
-165,-82,-459,-72,-128,239
-50,-66,-373,-111,-85,207
29,-84,-275,-114,-125,187
46,-115,-211,-83,-151,183
133,-140,-170,-64,-156,173
233,-156,-147,-54,-157,171
330,-151,-113,-24,-153,179
395,-140,-85,-23,-162,178
422,-158,-51,1,-176,160
436,-204,-34,29,-193,134
426,-206,-10,47,-191,140
401,-185,15,76,-191,110
479,-179,55,80,-185,146
501,-203,59,76,-180,183
473,-194,58,91,-167,169
437,-206,54,78,-147,142
477,-169,62,69,-120,178
504,-178,79,40,-118,188
494,-140,82,33,-123,188
517,-128,78,48,-122,170
550,-122,61,51,-129,147
571,-115,42,71,-131,138
601,-134,27,71,-145,125
619,-96,12,76,-151,111
638,-104,-11,99,-153,98
666,-80,-42,119,-159,77
684,-67,-66,131,-158,102
689,-19,-92,142,-149,96
698,11,-116,136,-145,83
698,40,-136,141,-144,76
701,35,-150,142,-137,54
715,52,-167,137,-138,53
732,63,-163,141,-151,52
725,97,-165,144,-147,37
693,136,-157,153,-147,31
670,137,-157,147,-132,33
625,173,-145,136,-131,22
573,167,-132,127,-125,23
523,186,-117,100,-103,-1
511,181,-95,92,-109,-6
-56,32,0,-31,12,-76
44,23,-58,6,27,-107
100,5,-55,19,-1,41
125,6,-7,36,-5,83
74,29,87,22,-35,69
65,34,121,0,-52,-29
104,14,194,-13,-48,-62
165,-5,181,38,-48,-68
229,-52,156,-65,-28,175
131,-20,-23,36,-13,-35
189,-20,65,-36,-11,-19
261,-38,40,-16,228,20
-65,-23,-174,-21,216,126
-385,-16,-76,6,-51,76
-351,20,-58,56,43,111
-507,25,-3,-50,25,183
-634,40,-78,41,-66,-114
-679,20,-153,-37,-92,-174
-474,-16,-116,12,-67,-2
-236,-5,-172,29,-28,37
-189,-5,-94,-12,171,600
-1103,144,37,141,-41,1133
-941,161,-43,-229,39,-11
-711,-192,397,-253,360,-667
-701,-205,593,-83,11,95
-645,-40,364,-195,-166,-108
-360,99,323,-69,-152,-108
-229,165,274,-68,-88,-112
-180,119,92,-102,-23,-155
-192,-6,19,-105,-14,-93
-256,-174,13,-181,-59,-146
-248,-283,-24,-193,-45,-163
-217,-304,-41,-200,-57,-195
-208,-270,-85,-177,-84,-213
-162,-224,-127,-185,-104,-194
-152,-234,-187,-195,-102,-173
-171,-285,-220,-179,-94,-161
-212,-344,-245,-167,-77,-131
-300,-407,-281,-167,-62,-139
-340,-441,-297,-95,-28,-125
-410,-434,-230,-140,-28,-85
-474,-415,-139,-114,-15,-87
-507,-413,-55,-94,-11,-7
-540,-439,-27,-111,15,-13
-542,-456,27,-23,23,-46
-544,-482,153,-57,-13,-10
-516,-507,170,-48,6,-13
-536,-553,211,-45,13,63
-497,-572,237,-41,18,3
-482,-564,283,-1,-23,30
-461,-521,261,37,37,58
-504,-558,327,24,-49,39
-516,-498,358,45,-49,-3
-508,-487,379,74,-47,0
-561,-443,344,66,-44,18
-622,-436,344,57,-42,-33
-620,-454,324,57,-54,14
-644,-456,303,60,-44,-7
-650,-427,298,74,-44,-35
-610,-373,305,73,-47,-53
-583,-301,304,89,-52,-55
-561,-229,284,93,-53,-60
-528,-161,276,91,-66,-61
-517,-86,268,113,-57,-66
-513,-48,265,86,-73,-37
-509,9,223,145,-64,-77
-529,66,197,78,-76,-62
-559,106,160,134,-33,-52
-581,144,131,86,-67,49
-601,206,142,102,-44,-46
-421,294,38,-33,262,757
-500,129,278,-258,-66,235
-26,-146,77,188,-569,-1195
1369,-252,-173,-23,624,-1828
72,-138,-662,-209,170,70
17,-182,-378,-22,353,-229
246,-148,-138,-81,-26,-31
-109,-71,-43,-103,-78,-129
-529,64,7,-42,-193,-65
-429,80,-63,-73,-348,14
-81,-64,-195,-77,-205,1
-12,-196,-245,-139,-224,-38
131,-251,-312,-154,-232,-45
240,-244,-280,-151,-233,-47
242,-233,-243,-146,-258,-58
241,-280,-237,-152,-305,-77
314,-375,-256,-161,-310,-70
394,-482,-283,-160,-315,-68
459,-545,-284,-159,-303,-33
529,-573,-285,-156,-316,-25
586,-608,-283,-127,-339,-9
633,-648,-295,-124,-327,26
620,-700,-341,-116,-312,44
571,-727,-361,-93,-304,70
481,-682,-376,-113,-277,101
390,-591,-345,-97,-246,102
390,-503,-305,-90,-235,115
453,-428,-290,-100,-218,133
500,-335,-269,-84,-224,135
571,-251,-264,-52,-217,140
647,-159,-269,-21,-203,145
693,-27,-255,11,-193,140
705,84,-219,30,-218,139
921,103,-243,62,-202,158
1062,100,-274,78,-194,163
1090,62,-302,91,-186,168
1016,14,-337,94,-172,163
938,-34,-363,77,-59,137
607,-73,-384,44,-179,155
533,-69,-407,78,-164,99
516,9,-360,78,-164,81
550,21,-357,69,-126,111
660,-20,-370,71,-114,103
716,-79,-365,79,-122,111
678,-153,-373,107,-161,81
634,-212,-397,126,-153,80
586,-242,-393,115,-146,62
548,-245,-379,108,-124,43
555,-224,-358,86,-100,44
560,-204,-328,91,-96,47
558,-168,-298,104,-78,40
573,-137,-262,104,-83,38
575,-109,-237,122,-97,35
570,-79,-221,149,-81,54
568,-63,-219,169,-60,78
575,2,-216,184,-44,82
566,91,-201,212,-17,70
628,165,-175,228,15,110
704,208,-169,235,30,146
688,250,-176,255,58,171
654,272,-198,269,79,184
647,281,-221,250,78,206
656,285,-255,274,66,170
704,299,-274,281,73,143
767,321,-310,261,107,144
825,311,-340,243,105,129
906,295,-370,238,103,108
982,275,-388,221,74,82
1026,259,-402,216,72,46
1078,235,-414,215,52,36
-508,142,87,-161,364,574
270,-181,-62,-154,-168,-658
250,-265,-386,-86,205,-560
115,-249,-875,-160,222,-319
43,-198,-744,-257,146,82
-200,-171,-290,-271,87,-118
-308,-215,48,-194,6,-20
-362,-263,-102,-128,-5,30
-451,-402,-70,-125,52,4
-577,-500,-54,-117,24,71
-614,-510,-71,-131,27,114
-578,-513,-98,-146,81,155
-630,-525,0,-133,87,118
-730,-529,2,-113,38,139
-731,-580,9,-140,61,187
-599,-632,-3,-123,68,161
-474,-709,120,-149,114,212
-337,-801,268,-147,151,222
-241,-665,-144,-20,188,152
-218,-858,489,-107,95,192
-223,-784,266,-37,59,137
-239,-726,292,-25,48,139
-273,-682,302,-11,56,157
-367,-635,305,10,58,87
-457,-544,315,19,59,134
-351,-428,317,26,79,152
-312,-366,333,38,85,148
-281,-249,363,36,84,164
-311,-166,381,64,72,143
-323,-130,385,55,62,163
-338,-128,360,80,83,187
-385,-162,362,114,82,163
-447,-162,321,104,73,138
-657,-160,303,132,41,158
-650,-142,295,140,57,202
-627,-141,272,167,77,224
-611,-141,261,185,68,206
-587,-149,254,194,61,199
-575,-153,229,196,59,205
-580,-171,209,201,60,202
-547,-201,161,205,55,200
-603,-207,150,209,38,174
-653,-195,105,212,27,153
-675,-164,95,216,23,160
-681,-142,74,210,10,146
-664,-162,79,212,9,156
-676,-192,10,188,17,118
-770,-198,31,187,5,104
-878,-176,3,175,10,98
-845,-140,29,138,10,144
-784,-164,38,112,21,137
-759,-261,-2,123,17,129
-856,-275,6,111,-1,120
-906,-268,-41,101,-17,53
-915,-222,-34,61,-8,136
-757,-209,16,83,-4,125
-650,-239,-21,31,16,137
-736,-248,-11,72,-3,115
-1067,-50,-13,-148,-110,289
-2501,229,180,136,-120,326
-2065,259,90,-3,-15,120
-2096,200,69,67,-44,160
-1970,208,-70,95,-30,85
-1976,340,-54,99,-48,96
-1887,488,-10,107,-49,93
-1771,521,0,88,-61,89
-1764,556,20,69,-25,123
-1726,502,17,78,-58,117
-1599,488,156,163,-83,70
-1620,441,7,76,-77,132
140,17,-36,-58,72,110
119,31,-153,-10,-29,112
117,16,-183,3,0,86
70,20,-123,-4,-26,36
14,25,-75,-26,-83,47
38,3,-84,-5,-31,36
66,0,-64,-48,-37,62
73,-13,-74,-25,-41,72
59,13,-91,-28,-77,28
58,-1,-87,-48,-41,40
46,-17,-88,-54,-37,23
84,-50,-88,-82,-4,61
61,-89,-81,-100,-6,52
66,-114,-77,-116,-11,26
126,-134,-71,-132,-24,33
136,-152,-68,-144,-40,29
154,-205,-95,-165,-35,46
140,-244,-35,-161,-27,25
118,-272,-55,-165,-22,29
116,-309,-29,-184,-21,34
111,-362,19,-195,-26,29
124,-420,48,-189,-29,48
110,-467,75,-182,-32,58
102,-508,104,-167,-44,61
72,-540,138,-161,-65,47
44,-563,154,-137,-71,75
51,-569,154,-124,-58,87
85,-563,170,-119,-66,88
83,-533,207,-115,-83,67
84,-499,236,-102,-92,57
88,-463,242,-100,-95,52
91,-429,241,-94,-99,62
131,-399,236,-85,-101,47
172,-400,233,-81,-116,32
189,-414,234,-66,-127,31
168,-402,236,-61,-123,14
151,-355,236,-64,-120,19
163,-316,238,-61,-111,17
182,-314,237,-56,-112,7
195,-342,226,-50,-114,20
135,-334,216,-47,-121,2
126,-311,207,-31,-104,35
-5,-257,197,-21,-109,4
-91,-199,185,-13,-115,-21
-28,-155,190,-24,-105,12
-45,-150,176,-10,-130,-48
211,-130,184,0,-85,-15
302,-131,187,-14,-99,19
304,-153,176,-4,-100,37
214,-193,148,17,-120,7
232,-251,132,39,-123,9
383,-265,132,40,-93,28
385,-283,120,42,-113,44
326,-289,94,54,-122,59
282,-291,85,56,-91,83
296,-297,73,56,-102,76
405,-260,75,53,-67,101
395,-247,63,42,-77,112
289,-233,44,44,-68,106
245,-244,25,63,-58,52
373,-216,36,49,-28,141
483,-179,52,42,-36,152
382,-163,43,39,-37,154
257,-158,42,52,-15,132
246,-163,57,44,-12,168
361,-146,76,57,24,107
482,-115,103,44,21,155
441,-117,100,41,3,157
313,-100,87,71,-5,128
302,-84,98,94,0,117
-1245,-202,-557,-172,-33,81
-434,-106,-245,-145,107,-433
-518,332,29,-151,-70,83
-1421,432,131,45,-230,-115
-1257,436,-13,-84,-18,202
-971,286,-242,-176,122,231
-1064,43,-411,-174,46,61
-1165,-93,-454,-307,-85,77
-1063,-233,-372,-353,-26,-92
-936,-306,-221,-385,-28,-133
-865,-404,-123,-408,-73,-171
-821,-523,-43,-395,-119,-223
-572,-587,14,-408,-35,-172
140,-700,201,-409,-50,-124
155,-685,304,-338,-68,-157
97,-667,351,-243,-95,-134
49,-647,376,-217,-88,-128
-166,-587,399,-187,-67,-123
-360,-498,428,-155,-73,-147
-357,-416,419,-137,-40,-85
-350,-352,450,-111,-19,-109
-335,-281,451,-52,-29,-9
-360,-188,472,-39,-17,-39
-496,-48,458,12,-34,-104
-574,31,450,58,-53,-93
-758,210,449,51,-22,-87
-893,379,437,62,-26,-86
-1057,507,433,74,-25,-77
-1074,586,405,83,36,-17
-1007,616,414,93,44,-31
-935,584,402,104,40,-19
-935,526,352,134,53,16
-892,420,300,156,54,-11
-680,386,297,157,86,8
-405,292,262,163,84,-25
-451,265,239,191,49,-53
-613,246,196,200,48,-44
-646,197,185,206,65,-38
-583,108,155,215,94,25
-543,-34,120,233,79,2
-598,-97,93,260,45,-18
-742,-186,40,273,43,-27
-816,-194,6,280,58,-18
-827,-165,-5,260,69,-12
-833,-140,-20,250,59,-11
-831,-140,-30,235,43,-5
-794,-157,-47,217,43,-6
-794,-173,-58,222,20,-15
-783,-191,-85,220,9,-36
-789,-191,-104,214,10,-8
-672,-201,-119,216,16,5
-597,-224,-126,217,0,20
-718,-245,-157,237,-30,22
-792,-250,-180,259,-44,15
-822,-250,-214,276,-61,10
-851,-241,-254,292,-77,18
-844,-234,-298,301,-89,28
-855,-213,-341,299,-95,54
-827,-190,-392,307,-86,82
-809,-157,-448,297,-86,100
-881,-113,-499,293,-92,123
-968,-86,-539,276,-75,159
-1052,-84,-571,239,-57,211
-1138,-118,-602,198,-10,266
-1211,-163,-626,175,-2,321
-1180,-210,-620,126,8,318
-1150,-255,-609,75,3,316
-1061,-307,-581,15,-1,328
-986,-359,-536,-55,10,317
-908,-408,-501,-78,3,309
-820,160,138,-354,-442,344
-183,-83,495,5,-153,284
-106,-5,288,196,-321,-128
79,85,181,145,-114,3
522,178,-17,172,-59,342
443,219,182,-163,-128,20
511,92,414,-204,-167,5
1273,-21,269,-132,224,-1242
1150,-40,129,69,683,-610
371,121,-306,-253,44,-151
355,44,-607,-450,-182,184
679,-242,-413,-252,-52,9
502,-349,-535,-103,-62,20
381,-432,-554,-109,-149,152
521,-545,-432,-99,-162,227
493,-655,-441,-90,-212,173
554,-767,-367,-133,-178,249
669,-831,-261,-113,-111,214
630,-845,-166,-93,-146,204
520,-822,-136,-58,-189,247
524,-803,-97,-53,-185,264
508,-776,-72,-80,-181,269
466,-732,-55,-100,-194,271
453,-676,-77,-111,-224,247
509,-603,-107,-129,-223,292
545,-529,-162,-121,-193,316
573,-448,-237,-117,-175,316
578,-389,-244,-116,-121,342
555,-343,-233,-104,-104,340
531,-304,-202,-96,-104,345
520,-274,-157,-76,-96,345
551,-279,-125,-73,-89,356
547,-317,-86,-62,-78,335
536,-363,-39,-57,-107,350
643,-400,98,-15,-42,325
783,-387,130,16,-12,299
870,-383,101,14,-13,240
965,-427,116,29,-31,229
1102,-486,98,60,-30,222
1221,-532,67,83,-27,197
1257,-543,58,95,-11,183
1311,-546,73,114,-10,159
1319,-546,78,130,-13,143
1287,-541,90,154,-25,135
1339,-530,79,178,-22,134
1356,-513,42,191,-20,117
1271,-478,25,193,-11,102
1146,-457,27,229,-11,107
1010,-410,-10,243,-3,110
952,-351,-21,248,10,114
942,-286,-33,255,18,93
929,-246,-33,269,4,75
876,-161,-37,273,-7,56
861,-65,-46,285,3,75
897,6,-52,279,17,66
939,56,-83,273,28,79
961,85,-100,269,40,46
924,155,-93,257,25,29
907,185,-86,278,17,51
913,180,-126,296,8,48
903,167,-150,302,-1,54
906,129,-207,310,-3,57
957,103,-260,304,5,61
992,92,-303,280,14,60
956,95,-328,250,26,62
941,88,-347,230,37,65
936,78,-359,213,41,76
938,55,-390,192,55,67
905,27,-416,168,72,67
873,9,-429,156,65,65
